tweet,label
أمير منطقة الحدود الشمالية يستقبل الرئيس التنفيذي لبنك التنمية الاجتماعية.https://spa.gov.sa/N2135030#واس_عام,1
ندعوكم لحضور ورشة نوعية عن العمل الحر في مسار التنمية الريفية وطرق تعزيزها  غرفة جازان 4:00م - 5:30م,1
باختصار.. يساعدك في اتخاذ القرار    #ترى_بتحتاجونه,0
#بوصلة_دلني #الجوف وجهة ريادية واعدة تسعى لرسم معالم المستقبل! #مركز_دلني_للأعمال #بنك_التنمية_الاجتماعية,1
عام جديد وتنمية متجددة #بنك_التنمية_الاجتماعية يبارك لكم حلول السنة الهجرية الجديدة، سائلين الله أن تكون سنة خير وبركة؛ وكل عام وأنتم بخير ,1
"مهتم بمجال العمل الحر وريادة الأعمال؟#بوصلة_دلني الجوف
بانتظارك يوم الاثنين في ⁧#مركز_الأمير_عبدالإله_الحضاري⁩ ⁩ حيث ستقام عدة لقاءات وحوارات مُتخصصة وجلسات استشارية في مجالات متعددة تمكنك من استغلال الفرص الاستثمارية الواعدة.#مركز_دلني_للأعمال#بنك_التنمية_الاجتماعية",1
"تفكر تبدأ مشروعك وتحتاج أحد يدلّك؟ 
سجل حضورك في #بوصلة_دلني #الجوف واكتشف الفرص.#مركز_دلني_للأعمال#بنك_التنمية_الاجتماعية",0
"بمناسبة #اليوم_العالمي_للتعاونيات يسرنا دعوتكم لمساحة بعنوان ""التعاونيات تبني مستقبلًا أفضل"" يوم السبت 6 يوليو الساعة 8:30 مساءً

 #القطاع_التعاوني  #CoopsDay #Cooperatives",1
"تنميةً للقدرات البشرية لبناء مجتمع معرفي متكامل

وقّع #بنك_التنمية_الاجتماعية اتفاقية تعاون مع جامعة اليمامة  بهدف رفع كفاءة رأس المال البشري عبر توفير فرص تعليمية وتدريبية لمنسوبي البنك وأبنائهم مما تعزز من جاهزيتهم لسوق العمل",1
"#استشارة_عامة 

هل تفضل الاتصال الهاتفي عند التواصل مع البنك؟",1
"ابدأ مشروعك بمشورة قيّمة
من مرشدي الأعمال في شبكة منتور هب  #ادعمهم_بخبرتك",1
#بوصله_دلني_الجوف .. انتظرونا  ,0
"طوّر أعمالك وحقق النمو!
نصائح عملية من خبراء الأعمال في منتور هب:#ادعمهم_بخبرتك",1
"حلول تمويلية ومنتجات نوعيّة تساعدك تحقق طموحك
 تعرّف عليها:",1
نفخر بتخريج الدفعة الثانية من برنامج Logihub #امبريتك، والذي يجمع بين رواد الأعمال و مجموعة من نخبة المستشارين والخبراء الدوليين والإقليميين لتقديم الدعم والإرشاد ونقل الخبرات لرواد الأعمال لتمكينهم من تطوير مشاريعهم وتعزيز نجاحهم في القطاع اللوجستي   ,1
تأثيركم نبض اقتصادنا وجزء من رؤيتنا العظيمة.#اليوم_العالمي_للمنشآت_الصغيرة_والمتوسطة#نجاحكم_يعنينا,1
في #اليوم_العالمي_للمنشآت_الصغيرة_والمتوسطةنحتفي بمشاريع سعودية مميزة وندعم استمرارية أعمالهم وتوسّع تواجدهم في الأسواق المحلية والعالمية لتحقيق مجتمع حيوي ومُنتج,1
ندعم مسيرتك في عملك الحر بمنتجات تمويلية متنوّعة تناسبك وتلبّي احتياجك ,1
"قصصهم تلهمك 
وإصرارهم بيزيدك حماس

مع برنامج الإرشاد طموحهم صار واقع، ومساهماتهم صارت دافع للكثير",0
"#لأنك_السند.. حنا لك عون
بمنتجات تسندك وتساعدك حسب احتياجك ورغبتك #يوم_الأب_العالمي",0
"مسك الختام.. نجاح وسلام 
بتوفيق رب الأنام",1
وسط تفاعل إيجابي واكتشاف شراكات عالمية جديدة؛ اختتم بنك التنمية الاجتماعية مشاركته في #G20YEA، حيث استعرض خلالها أبرز إنجازات روّاد الأعمال السعوديين والجهود التنموية المقدمة لمختلف المنشآت والأفراد في المملكة,1
حجٌ مبرور وسعي مشكور، وكل عام وأنتم بخير وعساكم بالعيد دوماً مباركين ,0
جانب من مشاركتنا في قمة اتحاد رواد الأعمال الشباب في مجموعة العشرين #G20YEA ؛ لعرض أبرز الخدمات والحلول المبتكرة في مختلف المجالات، واستعراض أبهى المنتجات الوطنية في جناح تجسيد التابع للبنك,1
"منتجات فاخرة وقطع فريدة
تضفي التفرد والجمالية تعرّف عليها من خلال متجر تجسيد ",1
"حجاج بيت الله الحرام 
في يوم عرفة يقفون
لربهم داعون ولغفرانه راجون
في #شعائر_ومشاعر يعمها الخشوع والوقار",0
آمنون لربهم عابدون، حجاج لبيته قاصدون، ولمغفرته ساعون، في #شعائر_ومشاعر تملؤها السكينةُ والطمأنينةُ,0
نسعد بخدمتكم والإجابة على استفساراتكم عبر القنوات الرسمية لبنك التنمية الاجتماعية,1
"لبيك اللهم لبيك، لبيك لا شريك لك لبيك نداؤهم الدائم قاصدين مغفرة من ربهم ورحمة
في مكة المكرمة #شعائر_ومشاعر ",0
"فنون تشكّلت من بيئتنا الغنيّة، ومواردها الثمينة
تعرّف على متجر تجسيد ومنتجاتها المتنوعة  في #G20YEA",1
"تنوّع تجاربنا وفخر صناعتنا
نستعرض خدماتنا الداعمة وإنجازات روادنا في جناحنا المُشارك ضمن قمة اتحاد رواد الأعمال الشباب في مجموعة العشرين #G20YEAزوروا جناحنا! ",1
"باختلاف لغاتنا 
نجتمع لنشارك ابتكاراتنا الريادية 
بروح هويتنا حاضرين في قمة اتحاد رواد الأعمال الشباب في مجموعة العشرين#G20YEA",1
"دعماً لمستقبل أصحاب المشاريع متناهية الصغر في قطاع الطهيوقّع البنك اتفاقية تعاون مع شركة المراعي؛ بهدف توفير فرص مميزة وتطوير القدرات في هذا المجال

وخلق مشاريع سعودية متفرّدة
 تسهم في تنويع الاقتصاد الوطني ",1
"بيان صحفي | استمرارًا لجهودنا في تمكين مختلف المشاريع؛ وقّع بنك التنمية الاجتماعية اتفاقية تعاون مع شركة المراعي لإطلاق ""برنامج المراعي للطهاة""، بهدف دعم المشاريع المتناهية الصغر في قطاع الأغذية والطهي",1
لنشارك ثقافتنا ونوصل رسالتنا بلغة الكل يفهمها ندعوكم لزيارة جناحنا في قمة اتحاد رواد الأعمال الشباب في مجموعة العشرين في البرازيل  #G20YEA,1
وزّعنا جوائز أبطال الادخار في #زود_الأجيالادّخر وخلّك ضمن الفايزين,0
استقبل الرئيس التنفيذي م. سلطان الحميدي، صاحب السمو الأمير الدكتور بندر بن عبدالله المشاري آل سعود مساعد وزير الداخلية لشؤون التقنية ، حيث اطّلع سموه على الدور التنموي للبنك وحجم التمويل والخدمات المقدمة للمواطنين منذ تأسيسه، كما تم عرض أبرز الأنشطة وبرامج البنك,1
"نُشارك في #معرض_التطبيقات_الالكترونية 2024 بتنظيم  برعاية صاحب السمو الملكي الأمير سعود بن نايف بن عبدالعزيز أمير المنطقة الشرقية؛
لتقديم الحلول المبتكرة بهدف خلق بيئة مشجعة وداعمة لروّاد الأعمال وأصحاب التطبيقات الإلكترونية ومبرمجيها",1
"ستون عامًا من صناعة الأثر في #صندوق_التنمية_الزراعية...
مسيرة حافلة في دعم واستدامة التنمية وتطوير ونمو القطاع الزراعي، وفي المساهمة في تحقيق الأمن الغذائي. #تنمية_زراعية_مستدامة",1
"#خبر ||

سمو أمير منطقة عسير الأمير #تركي_بن_طلال، يلتقي في مكتبه بديوان الإمارة، الرئيس التنفيذي لبنك التنمية الاجتماعية، ويستعرض مهام وأهداف وخطط البنك الداعمة للمجتمع المحلي في المنطقة.",1
"تأكد!
 حسابنا الرسمي للعناية بالعملاء  مُوثق
وبالضغط على علامة التوثيق 
بتعرف أنه تابع لـــ بنك التنمية الاجتماعية  #خلها_بينّا",1
#استشارة_عامةما مدى معرفتك عن التمويل الموسمي الذي يقدمه البنك؟,1
"لأفكار مبتكرة لتجار الغدأقيم هاكثون تاجرثون في أول أيامه 
 في أروقة #جادة30 #المدينة_المنورة حيث تجمع المتسابقون لطرح أفكارهم وتحويل مشاريعهم لمتاجر إلكترونية ",1
تشرّفنا بزيارة صاحب السمو الملكي الأمير فيصل بن بندر بن عبدالعزيز أمير منطقة الرياض و ومعالي وزير الموارد البشرية والتنمية الاجتماعية م. أحمد الراجحي لجناحنا المُشارك في معرض إينا الدولي لـ #القطاع_غير_الربحي؛ حيث اطّلعا على أبرز مبادراتنا المساهمة في تنمية القطاع غير الربحي.,1
"لتوفير دخلٍ ثابت يمكنها من تنويع مصادر الدخل واستدامتها؛
 منتج #دائم يقدم تمويل يصل إلى 10 مليون للجمعيات والمؤسسات الأهلية",1
"تعزيزاً لريادة الأعمال ورفع الوعي المالي لتحقيق ثقافة الادخار لدى أفراد المجتمع؛
وقّع #بنك_التنمية_الاجتماعية اتفاقية تعاون مع جمعية رؤية الريادة 
لإطلاق مبادرات تساهم في تطوير بيئة ريادة الأعمال ونشر الوعي الريادي",1
"برعاية صاحب السموّ الملكيّ الأمير فيصل بن نواف بن عبدالعزيز أمير منطقة الجوف ,وقّع مركز دلني للأعمال اتفاقيتي تعاون تهدف إلى تعزيز سبل التعاون والتمكين للراغبين في بدء مشاريعهم الريادية في مختلف المجالات ",1
لدى ترؤسه جلسة #مجلس_الوزراء..#خادم_الحرمين_الشريفين يوجه شكره لأبنائه وبناته شعب المملكة على مشاعرهم الكريمة ودعواتهم الطيبة.#واس,1
"سمو أمير منطقة الجوف يدشن برنامج ""جادة 30"" لمساحات العمل المشتركة#القناة_السعودية",1
في أحدث واجهة للأعمال، نتشرف بمتابعتكم للبث المباشر لانطلاقة الفعاليات والبرامج المصاحبة لحفل تدشين #جادة30 الجوف,1
"معاً نحو آفاق جديدة بـ افتتاح #جادة30 
مستقبلاً طموح وإرادة عالية 

جادة الجوف .. بيئة ممكنة",1
تعزيزًا لبيئة داعمة ومشجعة للأفراد والمنشآت؛ دشّن صاحب السمو الملكي الأمير فيصل بن نواف بن عبدالعزيز أمير منطقة الجوف  #جادة30، الهادفة لدعم روّاد الأعمال والمنشآت في الجوف.,1
حيّهم وبيهم في حلوة الجوف جينا نلبّي طموح شبابها ونلهم أهلها بمساحات متنوعة وبيئة متكاملة جادة 30  وصلت الجوف ,0
"سـمـو #أمير_منطقة_الجوف يُدشّن برنامج ""جادة 30"" لمساحات العمل المشتركة بالمنطقة ويرعى توقيع اتفاقيتي تعاونhttps://spa.gov.sa/N2111086#استثمر_بالجوف #الجوف_سلة_غذاء_المملكة #الجوف_عاصمة_الطاقة_المتجددة  ",1
أحدث واجهة للأعمال في مدينة الجوف، ندعوكم لحضور حفل تدشين جادة 30 الجوف، المهتمة في تطوير منظومة الريادة ودعم روّاد الأعمال في المملكة ,1
#استشارة_عامةما التمويل الذي تتطلع إلى استهدافه من خلال البنك؟,1
"لأننا #ندرك_أثرها ملتزمين فيها ""صافولا"" ثاني شريك لمحفظة #بنك_التنمية_الاجتماعية للمسؤولية الاجتماعية ",1
مساهمةً في تنمية القطاع غير الربحي وازدهاره، نُشارك في معرض إينا IENA الدولي لـ #القطاع_غير_الربحي؛ لاستعراض أبرز خدماتنا ومبادراتنا في القطاع.#IENA_Expo,1
"نتطلّع لرؤيتكم في بيئة الإبداع والتحفيز #جادة30 

في منطقة الجوف ",1
"تقديرا لجهود البنك في التعاون المجتمعي..
يحصد #بنك_التنمية_الاجتماعية جائزة القطاع التعاوني للعام 2023 برعاية #وزارة_الموارد_البشرية_والتنمية_الاجتماعية، دعما لمستهدفات #رؤية_السعودية_2030",1
"لأننا #ندرك_أثرها ونعرف قدرها
تعرّف على أبرز مجالات التعاون مع  لنسهم بتنمية قطاع الأغذية ونُمكن العاملين فيه",0
"لدعم روّاد الأعمال وخلق وظائف مستدامة للمواطنين

وقّع #بنك_التنمية_الاجتماعية اتفاقية تعاون مع   

لتأسيس برنامج تمويلي من خلال محفظة مستدامة في قطاع الأغذية#ندرك_أثرها",1
"دعم وبرامج متنوعة يقدمها  للمنشآت الصغيرة والمتوسطة.

للمزيد، تابع ما ذكره م. سلطان الحميدي -الرئيس التنفيذي لبنك التنمية الاجتماعية- خلال لقائه ضمن فعاليات #أسبوع_التمويل ",1
لحظات مميزة ومفعمة بالريادة تخللت جلسات ولقاءات اليوم الثالث من أيام #أسبوع_التمويل في #مركز_دعم_المنشآت بـ #جدة#التمويل_الصح,1
أبرز ما ذكره الرئيس التنفيذي م. سلطان الحميدي خلال حواره في #مجلس_دعم_المنشآت ضمن #أسبوع_التمويل بتنظيم من ,1
"دعماً لرواد الأعمال وأصحاب المنشآت الصغيرة والناشئة؛
وقّع #بنك_التنمية_الاجتماعية و #منشآت اتفاقية تعاون بهدف دعم رواد الأعمال وأصحاب المنشآت الصغيرة والناشئة في مراكز دعم المنشآت للمستهدفين بالتمويل من البنك",1
"#خبر_صحفي | #منشآت و ""بنك التنمية الاجتماعية"" يبرمان اتفاقية لدعم منتج رواد الأعمال التمويلي.#التمويل_الصح| https://monshaat.gov.sa/ar/node/101695",0
يبدأ الآن #مجلس_دعم_المنشآت⁩ مع: م.سلطان الحميدي -الرئيس التنفيذي لـ - في ⁧#مركز_دعم_المنشآت⁩ بـ ⁧#الرياض⁩.#أسبوع_التمويل #التمويل_الصح,1
#بنك_التنمية_الاجتماعية يوّقع مذكرة تفاهم مع لجنة الإعلام والتوعية المصرفية بـ #البنوك_السعودية لرفع الوعي بمخاطر جرائم الاحتيال المالي، وتقديم الاستشارات في مجال التدريب والتطوير بالأمور المالية.,1
حفظ الله مليكنا #خادم_الحرمين_الشريفين وألبسه ثوب الصحة والعافية,0
تدعوكم ⁧#منشآت⁩ لحضور ⁧#مجلس_دعم_المنشآت⁩ مع: م.سلطان الحميدي -الرئيس التنفيذي لـ - يوم الثلاثاء 21 مايو في ⁧#مركز_دعم_المنشآت⁩ بـ ⁧#الرياض⁩.#أسبوع_التمويل#التمويل_الصح,1
في #المشاركة_الإلكترونية؛ نسمع رأيك ونستقبل مقترحاتك لتطوير خدمات البنك ومنتجاته وتشريعاته بهدف توفير تجربة سلسة لكافة المستفيدين#استشارة_عامة,1
ندعوكم لحضور الجلسة الحوارية لرئيس الإدارة العامة للمخاطر لبنك التنمية أ. عبدالرحمن العريفي، لمناقشة تقييم فعالية تدابير الامتثال في مجال مكافحة الفساد وغسل الأموال في المؤسسات المالية، ضمن الملتقى العربي لهيئات مكافحة الفساد ووحدات التحريات المالية.,1
عرض البنك أبرز اسهاماته الناجحة في دعم الأسر المنتجة والمشاريع متناهية الصغر في المعرض العربي على هامش المنتدى العالمي لريادة الأعمال والابتكار والاستثمار في مملكة البحرين وسط حضور العديد من المسؤولين والزوار.#WEIF2024,1
بنك التنمية الاجتماعية يشارك في المعرض العربي على هامش المنتدى العالمي لريادة الأعمال والابتكار والاستثمار بمملكة البحرين.http://spa.gov.sa/ar/w2103282#واس_اقتصادي,1
"الرئيس التنفيذي م. سلطان الحميدي يشارك في مؤتمر ومعرض ""سيملس الشرق الأوسط 2024"" المُقام في مدينة دبي لإبراز جهود البنك في تعزيز الثقافة المالية وتطوير ثقافة الإدخار 
 #SeamlessDXB",1
شارك الرئيس التنفيذي لـ #بنك_التنمية_الاجتماعية، م. سلطان الحميدي، في فعاليات مؤتمر سيملس الشرق الأوسط 2024 في دبي، واستعرض مع نخبة من الخبراء الفرص الجديدة لتعزيز الشمول المالي، وثقافة الادخار، وسلّط الضوء على  دور #بنك_التنمية_الاجتماعية في تعزيز الثقافة المالية، ومبادراته,1
سمو #أمير_منطقة_حائل يشهد مراسم توقيع اتفاقية تعاون بحضور معالي مساعد وزير الموارد البشرية والتنمية الاجتماعية للخدمات المشتركة وذلك بين بنك التنمية الاجتماعية وفرع الوزارة بالمنطقة وتهدف إلى زيادة إنتاجية الأعمال الحرة الموسمية ويكرم شركاء النجاح ومديري الجهات الحكومية الداعمة.,1
"وزّعنا مكافآت شهر أبريل للأبطال المدخرين (من 6-18 سنة) شجّع أبناءك على الادّخار؛ ومكافآتهم علينا 

بخطوات سهلة ",0
"استقبل سعادة رئيس مجلس إدارة #غرفة_المدينة_المنورة أ.مازن رجب ونائبيه أ.نايف الصاعدي و أ.فهد المغير
وأعضاء المجلس و الأمين العام م.عبدالله أبو النصر 
سعادة الرئيس التنفيذي لبنك التنمية الاجتماعي م.سلطان الحميدي والوفد المرافق له وذلك لبحث سبل التعاون المشترك بين الغرفة والبنك",1
تجسير، معك بكل خطوات مشروعك، نفهمك ونساعدك بحلول نوعيّة توّسع فيها مشروعك وتنجز أهدافك من مكان واحد ,1
خدمات بنك التنمية الاجتماعية  على مستوى منطقة #المدينة_المنورة خلال العام 2023م.,1
"سمو أمير منطقة #المدينة_المنورة #سلمان_بن_سلطان، يلتقي الرئيس التنفيذي لبنك التنمية الاجتماعية  م. سلطان الحميدي.
وخلال اللقاء.. 
اطّلع سموه على خدمات البنك والأعمال وحجم التمويل المقدم للمستفيدين على مستوى المنطقة.",1
المُنتج خلف يروي لكم تجربته مع والدته نحو التوسّع في تقديم المأكولات الشعبية مع برنامج #تجسير,1
المُنتجة مريم تروي لكم قصّة تطوّر مطبخها وارتفاع مبيعاتها مع برنامج #تجسير,0
رحلة الطُموحات في #وزارة_الموارد_البشرية_والتنمية_الاجتماعية وتحقيق المُستهدفات على صعيد ركائز #رؤية_السعودية_2030.,1
"#تجسير برنامج ينقل المشاريع متناهية الصغر ومشاريع الأسر المنتجة إلى ريادة الأعمال
تعرّف على البرنامج وسجّل الآن",1
"#تجسير برنامج يساعدك توسّع مشروعك وتزيد مبيعاته
سجّل الآن، واصنع فرصتك ",1
عندك منشأة وتبغى تطوّرها بتمويل سريع؟#نقاط_البيع يعطيك تمويل بقدر مبيعاتك عبر أجهزة نقاط البيع ,0
"ضمن سلسلة من المنجزات؛
نسعد بحصولنا على جائزة (أفضل جهة في ربط الجهات في رحلة العميل للعمل الحر باستخدام الذكاء الاصطناعي) على مستوى الشرق الأوسط ضمن مؤتمر تجربة العملاء في الشرق الأوسط 2024 #CXLive، وذلك إثر حصولنا على مستويات متقدمة في تسهيل رحلة العملاء وخلق الولاء",1
"كأول جهة حكومية، وقّع #بنك_التنمية_الاجتماعية اتفاقية تعاون مع ديوان المظالم، للتكامل الرقمي و 
رفع كفاءة الإقراض وتعزيز حوكمة دورة التمويل.",1
"ولأننا نهتم بمدى وعي المستفيدين عند التقديم على منتجات البنك، شاركنا رأيك في الاستبيان لقياس الأثر عبر موقع بنك التنمية الاجتماعية.
 #خلها_بينّا",1
وقعنا اليوم اتفاقية تعاون بين #ديوان_المظالم و #بنك_التنمية_الاجتماعية؛ كأول جهة تحقق الربط الرقمي لتسهيل أعمال محكمة التنفيذ الإدارية، وتطوير الخدمات للمستفيدين، وسرعة تبادل البيانات، وأشكر أخي معالي د.خالد اليوسف على جهوده في تعزيز التكامل بين الجهات الحكومية.,1
بيان صحفي | مشاركة الرئيس التنفيذي م. سلطان الحميدي في #منتدى_الاستثمار_البيئي 2024 بجلسة تحت شعار (استعادة واستدامة)، والحديث عن خدمات البنك في دعم المجال البيئي وخططه المُساهمة في تحقيق مستهدفات مبادرة السعودية الخضراء وخفض الانبعاثات الكربونية.,1
"برؤيةٍ طموحة؛ نسير نحو مجتمع حيوي ومُنتج
تعرّفوا على قصص مواطنين ومواطنات بدأت من الصفر بدعم وتمويل#بنك_التنمية_الاجتماعية",1
الرئيس التنفيذي م. سلطان الحميدي؛ يلقي الضوء على الجهود المبذولة في تعزيز التنمية المستدامة خلال مشاركته في منتدى الاستثمار البيئي.,1
"دعماً وتحفيزاً لروّاد الأعمال وأصحاب المشاريع متناهية الصغر؛
يزور الرئيس التنفيذي م. سلطان الحميدي الجناح السعودي في #القرية_العالمية في دبي، حيث اطّلع على ما يزخر به الجناح من حرف ومنتجات دعمها البنك لتعكس جوهر ثقافتنا الأصيلة وتنشرها للعالم",1
من خلال المشاركة في #القرية_العالمية بمدينة دبي، #بنك_التنمية_الاجتماعية يدعم المشاريع التنموية وتمكين المجتمع، للمساهمة في تسويق المنتجات المحلية للأسواق الدولية.,1
#سيولة تلبّي متطلبات نشاطك القائم بتمويل يصل إلى 300 ألف ريال,1
"للمنشآت القائمة التي لا تتجاوز مبيعاتها 40 مليون ريال؛ #سيولة تموّلها
اطّلع على الشروط وقدّم بلحظة:",1
إذا تواجه صعوبة في تغطية نفقات تشغيل منشأتك القائمة؛ #سيولة تعطيك تمويل سريع ومرن ,0
"ودك تكبّر مشروعك بس ما عندك سيولة؟
قدّم على منتج #سيولة يعطيك تمويل يصل إلى 300 ألف ريال دفعة وحدة وبشروط ميسّرة",0
"أ.سلطان بن عبدالعزيز الحميدي
الرئيس التنفيذي لبنك التنمية الاجتماعية
متحدثا في منتدى الاستثمار البيئي 2024
  الاحد 5 مايوالتسجيل 9 صباحامقر الغرفة الرئيسللتسجيل:https://chamber.org.sa/sites/Arabic/Events/EIF24/Pages/EventReg.aspx…",1
"صاحب مشروع وهذا موسمك؟
لا تفوّت الفرصة واستفد من التمويل الموسمي بمبلغ يصل إلى 30 ألف ريال ",0
"لكلّ المواسم حاضرين!
ولطموحات الروّاد مُموِّلين قدّم على التمويل الموسمي وخل موسمك خضر ",0
"مهنة توارثناها، وبخيرات البلد أنتجناها لتكون موروث أصيل وثقافة ممتدة

موسمك خضر مع التمويل الموسمي",0
مقتطفات من فعالية #خله_بمخباك؛ وسط أجواء تجمع ما بين التوعية المالية والمتعة والتحدي ,0
سمو نائب أمير مكة المكرمة يستقبل الرئيس التنفيذي لبنك التنمية الاجتماعية.#نشرة_الظهيرة | #قناة_السعودية,1
نائب أمير منطقة مكة المكرمة يستقبل الرئيس التنفيذي لبنك التنمية الاجتماعية، ويستمع إلى إيجاز عن أعمال البنك، وحجم التمويل الذي قدمه البنك للمستفيدين في المنطقة.https://spa.gov.sa/N2091111#واس_عام,1
"نائب أمير منطقة مكة الأمير #سعود_بن_مشعل_بن_عبدالعزيز 
يستقبل الرئيس التنفيذي لبنك التنمية الاجتماعية م.سلطان الحميدي، يرافقه عدد من مسؤولي البنك
..استمع سموّه إلى إيجاز عن أعمال البنك وحجم التمويل الذي قدمه للمستفيدين في المنطقة خلال عام 2023، والبالغ مليارين و211 مليون ريال،",1
تمويل منشأتك القائمة جاهز الآن لا تفكّر ولا تحتار تقدم بالتمويل لمنشأتك عبر منتج سيولة من الموقع الإلكتروني ,0
بتمويل يصل إلى 10 مليون ريال منتج نقاط البيع هو اختيار منشأتك الأمثل قدم الان عبر الموقع الالكتروني ,1
بفخرٍ واعتزاز؛ بلغ عدد المشاريع متناهية الصغر المستفيدة من #بنك_التنمية_الاجتماعية 177 ألف مشروع، لتحقق أحد مستهدفات #رؤية_السعودية_2030 الاقتصادية ولتُساهم في بناء مجتمع ريادي ومُنتج.,1
حازت مبادرة تجسيد التابعة لـ #بنك_التنمية_الاجتماعية على جائزة أفضل راع وداعم لتشجيع الأسر المنتجة 2024 على المستوى العربي، في مملكة البحرين,1
"كثرت طرقهم وتنوّعت أساليبهم
وعشان ما تكون من ضحاياهم لا تشارك بياناتك الشخصية#خلها_بينّا ",0
مشاركتك لرمز التحقق مع شخص آخر؛ تعرضك للاحتيال واستخدام بياناتك المالية بعمليات غير مشروعة#خلها_بينّا ,1
استكمالًا للإنجازات؛ حصلت مبادرة #تجسيد على جائزة صاحبة السمو الملكي الأميرة سبيكة بنت إبراهيم آل خليفة لتشجيع الأسر المنتجة ٢٠٢٤م، في فئة أفضل راع وداعم للأسر المنتجة على المستوى العربي في مملكة البحرين.,1
من رؤية ممتدة لنجاحات ملهمة وإنجازات مستمرة #رؤية_السعودية_2030,1
"عشان ما تكون ضحية محتال، وتخسر مشروع العمر!
قدّم بنفسك و #خلها_بينّا ",0
"رمز التحقق خاص وسري
لا تشاركه مع أي شخص!
قدّم بنفسك و #خلها_بينّا ",1
سائلين المولى بأن يتم على مليكنا وقائدنا #خادم_الحرمين_الشريفين بالصحة والعافية وأن يحفظه لنا قائدًا ووالدًا.,1
"ما تبغى تسمع ""يا فرحة ما تمت""!
قدّم بنفسك و #خلها_بينّا ",0
"لا تعرض نفسك لمشاكل أنت في غنى عنها!
قدّم بنفسك و #خلها_بينّا ",0
"جاهز للتحدي؟
سجّل وخلنا نشوف مهاراتك وريالك #خله_بمخباك ",0
"أ.سلطان بن عبدالعزيز الحميدي
الرئيس التنفيذي لبنك التنمية الاجتماعية
متحدثا في منتدى الاستثمار البيئي 2024  الاحد 5 مايوالتسجيل 9 صباحا
 مقر الغرفة الرئيسللتسجيل:https://chamber.org.sa/sites/Arabic/Events/EIF24/Pages/EventReg.aspx…",1
حيابكم في جناحنا المُشارك في #مهرجان_مانجو_جازان20 ،  للتعرّف على أبرز منتجاتنا وخدماتنا بما فيها #التمويل_الموسمي، وزيارة منافذ المشاريع متناهية الصغر للاطّلاع على منتجاتها المميزة,1
خلال الربع الأول من عام 2024؛ قدّم #بنك_التنمية_الاجتماعية تمويلاً بقيمة 1.85 مليار ريال؛ لدعم وتمكين الأفراد والمنشآت من المساهمة في التنمية الاقتصادية، ومواصلة الجهود نحو تنمية وطنية مستدامة.,1
دعماً لممارسي العمل الحر الموسمي؛ وقّع #بنك_التنمية_الاجتماعية اتفاقية تعاون مع الجمعية التعاونية للورد الطائفي؛ بهدف تمكين المشارکین في موسم الورد الطائفي وتقدیم سبل النجاح لهم من خلال التمويل الموسمي.,1
في إطار دعمنا لـ #الجمعيات_التعاونية بالمملكة؛ نقدم مسار لدعم الجمعيات التعاونية الناشئة بهدف حصولها على تمويل لتنفيذ مشاريع استثمارية,1
بشروط سهلة وبسيطة؛ قدّم على تمويل #الخدمات_اللوجستية لتمويل أعمالك في مجال النقل المُبرد أو السطحات أو النقل البحري,0
"عندك شغف في تقديم #الخدمات_اللوجستية؟
طوّر مشروعك وقدّم على تمويل #الخدمات_اللوجستية بتمويل يصل إلى 300 ألف ريال",0
تمويل منشأتك القائمة جاهز الآن لا تفكّر ولا تحتار تقدم بالتمويل لمنشأتك عبر منتج سيولة من الموقع الإلكتروني ,0
بتمويل يصل إلى 10 مليون ريال منتج نقاط البيع هو اختيار منشأتك الأمثل قدم الان عبر الموقع الالكتروني ,1
"سجل أبناءك وعايدهم عبر برنامج زود الأجيال 
زود الأجيال يُنمي ثقافة أبنائك المالية ويساعدهم على الادخار#خله_بمخباك",0
"هلا بك في برنامج هلا
نحدد لك وضعك المالي وننقي لك المنتجات المناسبة لك                          
 #خله_بمخباك",0
"موفرين لك ورش تدريبة واستشارات ادخارية وفعاليات وأكثر! 
سجّل في منصة الادخار #خله_بمخباك",0
"أهنئكم بحلول عيد الفطر المبارك، أعاده الله علينا وعليكم باليمن والبركات، ونحمده سبحانه وتعالى الذي أكرمنا بصيام شهر رمضان، وشرّفنا بخدمة ضيوف الحرمين الشريفين.
نسأل الله في هذا العيد المبارك أن يديم علينا الأمن والاستقرار، وعلى أمتينا العربية والإسلامية والعالم أجمع.
وكل عام",1
من العايدين الفايزين وعساكم #بالعيد_مجتمعينأعاده الله علينا وعليكم بالخير والمسرات #عيد_الفطر_المبارك,0
جولتنا تحت شعار #بالخير_مجتمعين ؛ تنقلنا فيها بين ثقافة كل منطقة وإبداعات شعبها الطيّب ,0
زد وعي أبنائك المالي مع تطبيق كناز#خله_بمخباك,0
برنامج يوفر فلوسك ويكبّر مخباك #خله_بمخباك,0
كل عام وريالك بمخباك يكبر ..#خله_بمخباك,0
"بإحسان ينبع من روحانية المكان
وفي أجواء تملؤها السكينة 
في مسجد نبينا الأمين #بالخير_مجتمعين ",1
سفرة تعكس أبهى صور عمق التآخي بين المسلمين #بالخير_مجتمعين ,0
العيدية فرصة بس كيف تستثمرها؟! #خله_بمخباك,0
خل عيديتك بمخباك مع برنامج زود..              #خله_بمخباك,0
"جاء وقت المناسبات والعزايم؟ 
لا تشيل هم؛ تعرّف على أفضل مشاريع الضيافة و #خلها_منهم ",0
"احذر!
كلنا معرَّضين للاحتيال#خلها_بينّا",1
قدّم بنفسك لحماية بياناتك، برامجنا في #بنك_التنمية_الاجتماعية هدفها تنميتك.#خلها_بينّا,1
قدم أنت، ولا تتهاون في بياناتك الشخصية أو تكشفها لأي أحد.#خلها_بينّا,0
"بيديهم أبدعوا وبأفكارهم تميّزوا
تعرّف على أبرز مشاريع الخياطة و #خلها_منهم ",0
"بيديهم أبدعوا وبأفكارهم تميّزوا
تعرّف على أبرز مشاريع الخياطة و #خلها_منهم ",1
أم حسين؛ تميّزت بدقة تصاميمها وفن خياطتها اطلب الآن و #خلها_منهم,1
"ممكن يوصل المحتال لمعلومات دقيقة عنك؛
لا تثق فيه بسهولة.
انتبه وتأكد !#خلها_بينّا",1
للمساهمة في دعم وتمكين المشاريع الواعدة في المملكة؛ وقّع #بنك_التنمية_الاجتماعية مذكرة تفاهم مع (مصرف الإنماء)  لتحقيق أثر اقتصادي وتنموي مستدام.,1
"انتبه !

موظف البنك ما يطلب معلوماتك السريّة والبنكية وعشان تتجنب الوقوع في الاحتيال، حمل تطبيق بنك التنمية الاجتماعية من مصادره الرسمية أو قدّم عبر الموقع الإلكتروني#خلها_بينّا",1
"لأننا #ندرك_أثرها ملتزمين فيها ""جاهز"" أول شريك لمحفظة بنك التنمية الاجتماعية للمسؤولية الاجتماعية",1
"استكمالاً لمسيرة الدعم والتحفيز
وكأول شريك في محفظة البنك للمسؤولية الاجتماعية
وقّع بنك التنمية الاجتماعية مع ""جاهز""  اتفاقية تعاون بقيمة 30 مليون ريال لتمويل ريادة الأعمال في القطاع اللوجستي",1
بحضور معالي نائب وزير النقل والخدمات اللوجستية، رئيس الهيئة العامة للنقل المكلف، الدكتور رميح بن محمد الرميح، جاهز أول شريك في محفظة البنك للمسؤولية الاجتماعية لدعم رواد الأعمال في القطاع اللوجستي وتمويل المشاريع الناشئة والأفكار المبتكرة في المملكة، لتحقيق أثر اقتصادي وتنموي,1
لأننا #ندرك_أثرها ملتزمين فيها,0
"هذا احنا وهذي مسؤوليتنا 
نلتزم بها و #ندرك_أثرها ",0
"كثرت طرقهم وتنوّعت أساليبهم
وعشان ما تكون من ضحاياهم لا تشارك بياناتك الشخصية#خلها_بينّا ",0
نهنئ سعادة الأستاذ خالد شريف بتعيينه نائباً لمحافظ صندوق التنمية الوطني، متمنين له التوفيق والسداد.,1
"مجلس إدارة صندوق التنمية الوطني يوافق على #تعيين سعادة الأستاذ خالد شريف، نائبًا لمحافظ الصندوق. 

سائلين المولى له دوام التوفيق والنجاح.

لتفاصيل أكثر : https://ndf.gov.sa/ar/vg/",1
"دندنا يادندنا رمضان غير عندنا
في جدة الناس حلوين و #بالخير_مجتمعين ",0
اشرب سوبيا الزبيب وصلِ على الحبيب تعرّف على مشروب السوبيا الحجازي ,0
لحاضرنا ومستقبلهم، نواصل مسيرتنا #لمستقبل_أكثر_استدامة وازدهار؛ ونفخر بمنجزات تساهم في تحقيق مستهدفات #مبادرة_السعودية_الخضراء ,1
"من بقشة الحُب 
لسلّم ولدهم يالله 
الحساويين دايم #بالخير_مجتمعين ",0
"""القريش"" عادة توارثوها أهالي الأحساء عبر الأجيال ",0
تعزيزاً لرؤية #بنك_التنمية_الاجتماعية في تحويل الفروع إلى مساحات عمل مشتركة؛ أطلقنا اليوم #جادة30 في مكة المكرمة؛ دعماً لمشاريع ريادة الأعمال، والعمل الحر، وربط الجهات التمويلية بالمستفيدين، ووصلنا اليوم إلى 11 جادة في المملكة، وخدمة 18 ألف مستفيد، ودعم 250 منشأة صغيرة وناشئة.,1
بوصفاتهم اللذيذة وجودة عملهم استمروا ونجحوا ! تعرّف على مشاريعهم و #خلها_منهم,0
أم أحمد مستمرة بتقديم ألذ الشعبيات وأشهى الطبخات #خلها_منهم واستمتع بأكلهم,0
سمو #ولي_العهد يقدم تبرعاً سخياً بمبلغ 50 مليون ريال دعماً لحملة #جود_المناطق التابعة لمنصة #جود_الإسكان. #واس,0
سعياً لتحقيق أعلى معايير التنمية الشاملة في جميع مناطق المملكة، يفتتح #بنك_التنمية_الاجتماعية أحدّث فروع مساحات العمل المشتركة #جادة30 لروّاد الأعمال وأصحاب المشاريع الواعدة في مكة المكرمة.#بوركت_أعمالكم,1
"بالتزامنا بالمسؤولية الاجتماعية، نساهم في دعم أهداف التنمية المستدامة وتعزيز جودة حياة المجتمع 
المسؤولية الاجتماعية #نلمس_أثرها ",1
خطط لمستقبلك المالي لأنك #أنت_راس_المال #أسبوع_المال_العالمي,0
لأن أجيالنا القادمة هم المستقبل، عزز ثقافتهم المالية من خلال تسجيلهم في برنامج زود الأجيال #أسبوع_المال_العالمي,1
سجل أبنائك مع زود الأجيال، برنامج ينمي ثقافتهم المالية ويساعد على تحسين وعيهم المالي  #أسبوع_المال_العالمي,1
سعيًا نحو تمكين وتطوير القطاع التعاوني؛ يولي بنك التنمية الاجتماعية اهتمامًا بالغًا بالقطاع، إذ تمكّن من تحقيق إنجازٍ غير مسبوق وذلك بإطلاق عدد كبير من البرامج التي تخدم مختلف المجالات.#تعين_وتعاون #الجمعيات_التعاونية,1
"من الرياض الحيّه نجد العذية 
كثيرين وبكل مكان متواجدين
ودائمًا #بالخير_مجتمعين ",0
شانزلزيه الرياض! تعرّف على شارع الوزير وسبب تسميته ,0
استعدوا لفعاليات بنك التنمية الاجتماعية في شهر الخير،  في رحلة لإنفاذ المشاريع بمختلف مناطق المملكة ,1
"في رحاب مكة وطيبها تُنار فوانيسها؛ وتتزين شعابها بأجوائها الرمضانية من خلال ""فوانيس مكية""  #مرحبابكم في جناح #بنك_التنمية الاجتماعية للتعريف بالخدمات المالية وغير المالية المنوعة، ومنافذ بيعه الفريدة للمشاريع الواعدة ",1
#بيان_صحفي | لمستقبل حيوي مستدام، موّل بنك التنمية الاجتماعية مختلف الأفراد والمنشآت بقيمة تمويلية تصل إلى 1.85 مليار ريال في الربع الأول من عام 2024 م، بهدف تعزيز النمو الاقتصادي والاجتماعي في مختلف مناطق المملكة.,1
"وفَضْلُ الأُمِّ يَعْلُو أَي فضل
إِذا أَحصَيْتَهُ في كُلِّ شَان
أُسَائِلُ مُهجَتِي عَنْهَا أَجَابَت
هيَ الرَّحَمَاتُ لاَحَت لِلْعِيَان#يوم_الام_العالمي",1
إبدأ مع برنامج زود الادخاري، رحلتك لتحقيق أهدافك المالية #أسبوع_المال_العالمي,1
حقق أهدافك المالية، وأبدأ الخطوة الآن #أسبوع_المال_العالمي,1
بخلطاتهم الرهيبة وذوقهم الرفيع، استمروا ووصلوا لكل الناس !#خلها_منهم وتعرّف على مشاريعهم ,0
عطورك خلصت وتبي شي يجمّل؟#خلها_منهم وجرّب عطورهم,0
"فعاليات ومعارض بنك التنمية الاجتماعية في شهر مارس.
استعدوا للتجارب الملهمة والفرص النوعيّة! تعرّف عليها من خلال ""تقويم فعاليات التمكين والتنمية""",1
"من قلب خميس مشيط #بالخير_مجتمعين 
ونسعى لهدف واحد تكون رائد أعمال المستقبل في ملتقى الامتياز التجاري 

مرحبًا ألف ",0
الجودة والدقة أسلوب عملهم الي يميزهم اطلب الآن و #خلها_منهم,1
بهارات أم سعديه تخلّي الطبخة شهية جرّب بنفسك و #خلها_منهم,0
"مستعدين؟
نعيش أجواء رمضان في أكثر من مكان  
ونكون قريبين و #بالخير_مجتمعين ",0
في المدينة المنورة #بالخير_مجتمعين لنحكي قصص نجاح تسطّرت بالإلهام، واستمرت بالشغف والطموح ,1
"في ليالي رمضان العامرة، تزهو عروس البحر الأحمر بأسرها في فعالية كيري للأسر المنتجة،ويتواجد البنك بجناح للتعريف عن منتجاته وخدماته  

حياكمـ",0
"من قلب نجران، تُنير فعالية فوانيس رمضانية مسارًا لأصحاب المشاريع متناهية الصغر    

لا تفوتوا فرصة الحضور ..",1
"السوق الرمضاني في بيشة وجهة كل الاهتمامات للمشاريع متناهية الصغر 

مرحبًا ألف",0
في المدينة المنورة #بالخير_مجتمعين ,1
طبتم وطابت بكم الديار #بالخير_مجتمعين,0
بتميّزهم ودعم بنك التنمية الاجتماعية لهم اثبتوا أنفسهم اطلب الآن و #خلها_منهم,1
مفرزنات سويّر عادت من جديد كرر التجربة و #خلها_منهم,0
"نحمد الله سبحانه أن بلّغنا شهر رمضان المبارك، شهر الخير والبركات، سائلين المولى أن يوفقنا لصيامه وقيامه.
داعين الله أن يديم على وطننا وأمتنا الإسلامية والعالم أجمع الخير والسلام.
تقبل الله منا ومنكم صالح الأعمال، وكل عام وأنتم بخير.",1
في شهر تجتمع فيه الرحمة والمغفرة #بالخير_مجتمعين وكل سنة وأنتم طيبين ,1
"في كل لحظة فخر لنا!
يخفق بقلوبنا قبل السماء

في كل لحظة فخر
نرفع البيرق ولاء.. #أرفع_البيرق خضر  #يوم_العلم",1
فيديو | نائب الرئيس التنفيذي لقطاع الأعمال محمد العريني: بنك التنمية الاجتماعية يوقع 3 اتفاقيات بـ 500 مليون ريال لدعم قطاع الرياضات الإلكترونية#الإخبارية,1
في #يوم_المرأة_العالمي نفخر بمساهمتنا في تمكين جزء لا يتجزأ من المجتمع، جزء إذا عمل أحسن وإذا مكّن أبدع  “خان اللوز” أحد الأمثلة التي يحتذى بها ,1
في #يوم_المرأة_العالمي الكلمات قد لا تكفي، ولكن الأرقام تبيّن حجم الأثر، وسارة مثال حي لإبداع فتحت له أبواب التمكين وانطلق ,1
جانب من زيارة معالي وزير الموارد البشرية والتنمية الاجتماعية المهندس أحمد بن سليمان الراجحي لأحد المشاريع المدعومة من قِبل بنك التنمية الاجتماعية في منطقة الباحة، ولقاء عدد من رواد الأعمال والاستماع إلى مقترحاتهم التطويرية.,1
"استكمالاً لمسيرة الإنجازات والنجاح؛ هيئة الحكومة الرقمية تُكرم بنك التنمية الاجتماعية نظير تميزه في تنفيذ وتطوير الحلول الابتكارية في  تحدي ""Govjam2023""
وجهودهم الفعّالة في التفاعل مع المشاركين.",1
وزير الموارد البشرية والتنمية الاجتماعية يستهل زيارته لــ #منطقة_الباحة بلقاء المواطنين في مكتب العمل.. ورواد الأعمال.|| https://hrsd.gov.sa/node/5570016,1
"جلسات إرشادية في مختلف مدن المملكة، تساعد روّاد الأعمال وتساهم في تطوير أعمالهم تعرّف عليها من خلال ""تقويم فعاليات التمكين والتنمية""",1
"برامج تدريبية في مجالات متنوعة يقدمها بنك التنمية الاجتماعية في شهر مارس.

تعرّف عليها من خلال ""تقويم فعاليات التمكين والتنمية""",1
تمكينًا للنحّالين من ممارسيّ العمل الحر، وقع بنك التنمية الاجتماعية اتفاقية تعاونية مع جمعية النحّالين بالباحة، بهدف تطوير ودعم النحالين من خلال تمويل العمل الحر الموسمي وتسهيل مشاركتهم في المهرجانات الداعمة لهم.,1
"في مسيرة الدعم والتمكين لمختلف المنشآت، قام بنك التنمية الاجتماعية بتوقيع اتفاقية تعاونية مع البرنامج الوطني لتنمية تقنية المعلومات؛ حيث تستهدف دعم الشركات الناشئة في قطاع تقنية المعلومات وتقديم التسهيلات التمويلية لهم عبر مسار"" منتج تقنية المعلومات""",1
تكريمًا للجهود المبذولة في المسؤولية الاجتماعية، يفخر بنك التنمية الاجتماعية باختياره ضمن أهم 50 علامة سعودية في مجال المسؤولية الاجتماعية في تصنيف نشرته مجلة فوربس الشرق الأوسط بالشراكة مع المركز الوطني للمسؤولية والدراسات.,1
تنمية للمهارات وتسريع وتيرة نمو الشركات التقنية؛ عقد بنك التنمية الاجتماعية اتفاقيتين تعاونية مع شركة ميراك كابيتال وشركة تأثير المالية، وتأتي هذه الاتفاقيه بهدف تطوير الشركات الناشئة في قطاع الرياضات والألعاب الإلكترونية,1
تعزيزًا لنمو الشركات الناشئة لقطاع الألعاب والرياضات الإلكترونية؛ وقّع بنك التنمية الاجتماعية بالتعاون مع صندوق التنمية الوطني اتفاقيتين داعمة بقيمة بلغت 450 مليون ريال لاستقطاب المواهب وتأسيس تجارب واعدة في مجالات تطوير وإنتاج الألعاب الإلكترونية,1
مساهمة في رفع جودة التعليم وتحقيقًا لمستهدفات رؤية 2030 التعليمية؛ وقّع #بنك_التنمية_الاجتماعية مذكرة تفاهم مع شركة الجيل الرقمي لتقنية المعلومات، بهدف تقديم محفظة مالية تساهم في تمويل القروض التعليمية بأقساط ميسرة للطلاب والطالبات في المملكة العربية السعودية.,1
#فيديو.. سمو أمير منطقة الرياض يطلع على أبرز إنجازات بنك التنمية الاجتماعية.#إمارة_الرياض,1
بقيمة إجمالية تبلغ 450 مليون ريال.. صندوق التنمية الوطني يوقع اتفاقيتين لتأسيس صندوقين للاستثمار الجريء في قطاع الألعاب والرياضات الإلكترونية بالتعاون مع بنك التنمية الاجتماعية.https://spa.gov.sa/N2059463#ليب24 | #واس_اقتصادي,1
سمو أمير منطقة الرياض يطلع على أبرز إنجازات بنك التنمية الاجتماعية.#إمارة_الرياضhttps://riyadh.gov.sa/#/home/news-details/U2FsdGVkX1%2B5%2F40uRHD8%2BdYGYMw66QVwP6sAfsZld38%3D…,1
لأنهم يفهمون ذوقنا… #أثر_نلمسه#رؤية_السعودية_2030,0
"بهدف دعم الاستثمار في رأس المال البشري 
يشارك بنك التنمية الاجتماعية في ملتقى #لقاءات_الباحة 2024 كراعي استراتيجي، ويتواجد البنك بجناح للتعريف عن منتجاته وخدماته، وتستكمل أركان هذه المشاركة بتقديم ورش عمل متنوّعة ",1
"في حدث يدعم رحلة تطوير الموارد البشرية 
يدعوكم بنك التنمية الاجتماعية لحضور ملتقى #لقاءات_الباحة 2024، في بيئة نسعى من خلالها لتحقيق مختلف سبل التمكين

لا تفوّت فرصة الحضور ",1
ماهي أكثر التحديات التي واجهتك خلال رحلتك مع #بنك_التنمية_الاجتماعية ؟,0
تعزيزًا لمستقبل أعمال مستدام؛ دشّن صاحب السمو الملكي الأمير سعود بن نايف بن عبدالعزيز أمير المنطقة الشرقية #جادة30 لمساحات العمل المشتركة في الدمام,1
"فيديو | ما مدى أهمية دعم ريادة الأعمال في القطاع اللوجستي؟

مديرة برنامج ""امبريتك السعودية"" غادة الصالحي تجـيب#نشرة_التاسعة#الإخبارية",1
تحت رعاية سمو #أمير_الشرقية دشن صاحب السمو الملكي الأمير سعود بن نايف بن عبدالعزيز #جادة30 في قلب الدمام، نقطة انطلاق المشاريع لتمكين مستقبل ريادة الأعمال,1
استقبل صاحب السمو الملكي الأمير سعود بن بندر بن عبدالعزيز #نائب_أمير_الشرقيةفي مكتب سموه بديوان الإمارة اليوم الأربعاء الرئيس التنفيذي لبنك التنمية الاجتماعية المهندس سلطان بن عبدالعزيز الحميدي ، يرافقه مسؤولي البنك  .,1
"دشن صاحب السمو الملكي الأمير سعود بن نايف بن عبد العزيز#أمير_الشرقيةفي ديوان الإمارة اليوم الأربعاء بحضور الرئيس التنفيذي لبنك التنمية الاجتماعية، المهندس سلطان بن عبد العزيز الحميدي ، أحدث فروع مساحات العمل المشتركة في مدينة الدمام ""جادة 30""، وذلك بمشاركة مجموعة من مسؤولي",1
"#تزهّب 
لإلهام إبداعك واستدامة أعمالك#جادة30 صارت أقرب لك في الدمام ",0
للتنمية #أثر_نلمسه,0
"اعتزازًا بالموروث الثقافي؛ يقيم نادي الإبل برعاية 
سمو أمير منطقة حائل الأمير عبدالعزيز بن سعد مهرجان #جادة_الإبل ، ويشارك البنك بجناح تعريفي للمشاريع متناهية الصغر زورونا يابعد حيي صبحاء - حائل  مارس 4 - فبراير 22  9:00 صباحاً - 8:00 مساءً",1
"من #يوم_بدينا 
دارنا شامخة ودوم #حنّا_مكمّلينوفي ثراها نكبر وحنا نردّد 
ياوطنّا عِشت فخر المسلمين ",0
"في خطوة واعدة ﻟﺘﻨﻤﻴﺔ ريادة اﻷﻋﻤﺎل الثقافية وﺗﻨﺎﻓﺴﻴﺘﻬﺎ، وتحفيز ﺑﻴﺌﺔ ريادية ممكنة في ﻗﻄﺎع اﻷﻓﻼم..
ﻧﻔﺨﺮ ﺑﺎﻧﻄﻼق #الصندوق_السعودي_للأفلام أول ﺻﻨﺪوق اﺳﺘﺜﻤﺎري ﺳﻌﻮدي في اﻟﻘﻄﺎع، واﻟﺬي ﻳﺴﺘﺜﻤﺮ ﻓﻴﻪ #اﻟﺼﻨﺪوق_الثقافي",1
"في مبادرات تمكينية وإرشادية للقطاع اللوجستي؛ أطلق بنك التنمية الاجتماعية بالتعاون مع مؤتمر الأمم المتحدة للتجارة والتنمية UNCTAD مبادرة ""لوجي هب "" لدعم القدرات الريادية اللوجستية",1
استكمالاً لمسيرة التنمية والنجاح، أصدر مجلس إدارة بنك التنمية الاجتماعية برئاسة وزير الموارد البشرية والتنمية الاجتماعية المهندس/ أحمد بن سليمان الراجحي قراراً بتعيين المهندس سلطان بن عبدالعزيز الحميدي رئيساً تنفيذياً لبنك التنمية الاجتماعية,1
سعيًا لتمكين ودعم ممارسي العمل الحر؛ وقّع بنك التنمية الاجتماعية اتفاقية مع أمانة منطقة الجوف، لتمويل المشاركين في موسم الزيتون الدولي من ممارسي العمل الحر  الموسمي.,1
متزيّن بإبداعات أسرنا المنتجة، وعراقة الكليجا وحلاها#مهرجان_الكليجا_15 مستمر إلى 27 فبراير بفعالياته وأنشطته المتنوّعة ,0
ببيئة داعمة للموهوبين في أنحاء المملكة، تتواجد مبادرة #تجسيد لمختلف الحِرفيين والمختصين بهدف توسعة نطاق المهن الحِرفيّة وتعزيز التشاركية بين الرواد.,1
صرحٌ وطني شامخ نفخر به في الذكرى الخمسين على تأسيسه وبكوادره الوطنية التي نلمس أثر جهودها في تاريخنا وحاضرنا ومُستقبلنا.#صناعة_أثر_ممتد,1
لبناء مجتمع داعم ومزدهر؛ دشّن الرئيس التنفيذي لبنك التنمية الاجتماعية أ. إبراهيم الراشد؛ معرض مبادرة تجسيد ليصبح معرضًا دائمًا للمشاريع متناهية الصغر بمنافذ بيع نوعيّة تقدم الأعمال الفنية الفريدة، ويأتي ذلك تجسيدًا لأعمالهم وتسهيلاً لدخولهم الأسواق المحلية والعالمية.,1
في الجوف.. وجهة عشاق الزيتون السنوي  يتواجد جناح بنك التنمية في #مهرجان_زيتون_الجوف_الدولي السابع عشر للتعرّيف بالمنتجات والخدمات التنموية ودعم المشاريع متناهية الصغر لتقديم أجمل المنتجات والمشغولات اليدوية  4:30 - 11:30 مساءً 10 - 20 فبراير مركز الأمير عبدالإله https://x.com/sdb_sa/status//SDB_sa/status/1756353634512536026/video/1…,1
تحت شعار #أهلنا_أولى_بدعمنا يشارك بنك التنمية الاجتماعية في #مهرجان_الكليجا_15، يعرّف فيها البنك عن خدماته ومنتجاته ويقدّم منافذ يستعرض فيها المشاريع متناهية الصغر  مركز الملك خالد الحضاري - بريدة  8 - 18 فبراير  4:00 - 10:00 مساءً,1
دعم مشاريع البنية التحتية وتسريع تنفيذها عبر #صندوق_البنية_التحتية_الوطني سيترك أثرًا إيجابيًا على تنمية الاقتصاد الوطني وتعزيز جودة حياة الفرد والمجتمع,1
"سمو أمير منطقة #المدينة_المنورة، #سلمان_بن_سلطان, يزور مشروع معامل العينية وسوق سويقة الذي يأتي ضمن مبادرات ""وقف #نماء_المنورة"" وشريكها الاستراتيجي الداعم ، وذلك بحضور معالي وزير الحج والعمرة د.توفيق الربيعة، ومعالي الرئيس التنفيذي لـ  م.فهد البليهشي.",1
#وعدنا_حائل حياكم الله في #رالي_حائل_تويوتا_الدولي مع الأجواء الشتوية والفعاليات المميزة  مركز المغواة 5 - 11 فبراير  4:00 - 11:00 مساءً,0
"تعرّف على الصفات اللازمة للريادة ونمّي مهاراتك الأساسية في الابتكار والقيادة مع الجلسة التفاعلية القادمة تحت عنوان (من الريادة إلى القيادة) بالتعاون مع  عبر برنامج #التدريب_الإلكتروني #دروب.  الاثنين 5-2-2024م الساعة 9 مساءً
سجل الآن:https://doroob.sa/ar/doroob_webinar/…",1
"#استشارة_عامة 

برأيك، ماهي أنسب طريقة لتقييم مستوى الأداء خلال زيارة الفروع؟",1
بنك التنمية الاجتماعية  ضمن أهم 50 علامة سعودية في مجال #المسؤولية_الاجتماعية وفقاً للتصنيف الذي نشرته مجلة فوربس الشرق الاوسط بالشراكة مع المركز الوطني للمسؤولية والدراسات.#قائمة_فوربس_للمسؤولية_الاجتماعية #أهم_50_علامة_سعودية,1
من فرص الريادة في بريدة يتواجد جناح #بنك_التنمية_الاجتماعية لتعزيز الفرص ودعم روّاد الأعمال والتعريف بالبرامج والمنتجات التمويلية للطموحين في #ملتقى_فرصتي,1
ﻣﻦ عاصمة التمور.. وﺑﺎلتعاون مع ﻛﺮﻧﻔﺎل ﺑﺮﻳﺪة للتمور، ﺗﻌﺮّف على التمويل الموسمي وادﻋﻢ ﻣﺸﺮوﻋﻚ ﺣﻴﺎﻛﻢ.. واﻗﺪﻋﻮا 4 - 8 مجادة بريدة 4 - 5 فبراير,0
هلا هم هلا فرص الريادة مع #بنك_التنمية_الاجتماعية تنتظركم في #ملتقى_فرصتي فبراير 3 - يناير 31  4:30 م - 10م بريدة – مركز الملك خالد الحضاري,0
"يدعوكم #بنك_التنمية_الاجتماعية لتجارب ناجحة تلهم طموحكم وممارسات تثري خبرتكم الريادية في ورشة ""خطواتك نحو ريادة الأعمال"" بــ #ملتقى_فرصتي  31 ينايربريدة - مركز الملك خالد الحضاري - Zone -B2 4:45 - 5:30 مساءً",1
"يدعوك #بنك_التنمية_الاجتماعية لحضور ورشة ""العمل الحر مشروعك المستقبلي""  وفرص عديدة تنتظرك في #ملتقى_فرصتي    1 فبراير  بريدة - مركز الملك خالد الحضاري - Zone -B1   8:00 - 7:15 مساءً",1
نُبارك لشركائنا في بنك التنمية الاجتماعية ، حصولهم على شهادة الجودة السعودية لمراكز خدمة المستفيدين #حيّاك.,1
من لؤلؤة الجنوب سلة غذاء المملكة.. يلقاكم #بنك_التنمية_الاجتماعية في #مهرجان_العسل_التاسع ساحة المركز الحضاري  25 يناير - 3 فبراير 10:00 - 4:00 مساء,1
يتناول أ. إبراهيم بن حمد الراشد الرئيس التنفيذي لبنك التنمية الاجتماعية، جانب التمويلات التنموية الميسرة لدعم المنشآت وتعزيز العمل الحر، في مقابلة تلفزيونية على قناة   يوم الأحد 28 يناير  الساعة 10 مساءً,1
استكمالًا للمنجزات المميزة؛ حصل #بنك_التنمية_الاجتماعية على  #جائزة_تجربة_العميل_السعودية في النسخة الإقليمية الأولى من الجائزة الدولية الأصلية لتجارب العملاء (iCXA) والتي تعزز تموضعه بين الجهات المتنافسة عن أفضل تجربة عميل رقمية مؤثرة ومبتكرة.,1
"نحو عالم لا حدود لإمكانياته
ولمستقبل برؤية واضحة 
كُنتم العلامة الفارقة والقصة الناجحة لملتقى #DeveGo2024",1
في جلسات تغذي الفكر وتثري الإلهام، نقدم لكم أبرز ما جاء في الجلسات الحوارية لملتقى #DeveGo2024,1
في ملتقى #DeveGo2024 قدمنا لكم خلاصة الأفكار لخبراء الريادة، وهُنا نستعرض أبرز ما جاء في الجلسات الحوارية.,1
نشكر قناة الإخبارية   لمساهمتهم الدائمة ودعمهم المستمر لتغطية الأحداث الريادية والمحافل البارزة لدعم منظومة الأعمال والابتكار,1
في #DeveGo2024 ، تألق مشروع #تجسيد بروائع الإرث السعودي بأنامل الأسر المنتجة لرحلة بصرية خلابة تعكس إبداع الحرف اليدوية المتوارثة إلى التصاميم العصرية، كل قطعة تحكي قصة غنية بالتراث والفخر.,1
نشكر تجمع مطارات الثاني   تقديرًا لجهودهم في إبراز المبادرات والإنجازات التي تسهم في تطوير الاقتصاد وتحفيز روح الريادة,1
"الكلمة الافتتاحية لليوم الثاني من ملتقى ريادة الأعمال وأنماط العمل الحديثة #DeveGo2024, لنائب الرئيس التنفيذي لقطاع الاستراتيجية والابتكار في بنك التنمية الاجتماعية المهندس معيض بن ناصر البيشي .",1
أبرز ما جاء في كلمة نائب الرئيس التنفيذي لقطاع الاستراتيجية والابتكار في بنك التنمية الاجتماعية المهندس معيض بن ناصر البيشي من ملتقى ريادة الأعمال وأنماط العمل الحديثة #DeveGo2024,1
"بنك التنمية الاجتماعية.. تمويلات تنموية ميسرة لدعم المنشآت وتعزيز العمل الحر

حلقة جديدة من #بموضوعية مع ميساء القلا وضيفها الرئيس التنفيذي لبنك التنمية الاجتماعية، إبراهيم الراشد

الأحد 28 يناير.. 10 مساء بتوقيت #السعودية  ",1
"ما بين جوائز تُطلق ومسارات تتكرّم،
نعيش ليلة تكريم مُختلفة واستثنائية أساسها أنت
 
اليوم في ملتقى ريادة الأعمال وأنماط العمل الحديثة #DeveGo2024نتوّج، ندعم، ونكرّم بكل فخر أفضل مشاريع متناهية الصغر
من مُختلف مناطق المملكة ",1
تكريم الفائزين بجائزة بنك التنمية الاجتماعية للمشاريع متناهية الصغر باليوم الثاني من #DeveGo2024,1
"لحظات عشناها ما بين تجارب ثريّة، وقصص مُلهمة.. 
مع الفائزين بجائزة #بنك_التنمية_الاجتماعية، نشاركها معكم باعتزازٍ وفخر#DeveGo2024",1
"ملتقى بنك التنمية الاجتماعية لريادة الأعمال وأنماط العمل الحديثة،
ملتقى ينبع من المجتمع للمجتمع، نساهم، نبني، نـ #مد_الجسور وننطلق للمستقبل!
 عبر #DeveGo2024",1
"مددتم الجسور
وسجلتم بصمة واضحة 
لتكون كل خطوة 
مسار نحو القمة
نبارك للجهات التي مدت الجسور لرحلة العطاء#DeveGo2024",1
يتناول أ. إبراهيم بن حمد الراشد الرئيس التنفيذي لبنك التنمية الاجتماعية، جانب التمويلات التنموية الميسرة لدعم المنشآت وتعزيز العمل الحر، في مقابلة تلفزيونية على قناة   يوم الأحد 28 يناير  الساعة 10 مساءً,1
أبرز ما جاء في الجلسات الحوارية لليوم الأول من خبراء الريادة والابتكار في ملتقى #DeveGo2024,1
أبرز ما جاء في الجلسات الحوارية لليوم الثاني من خبراء الريادة والابتكار في ملتقى #DeveGo2024,1
نتقدم بجزيل الشكر والتقدير للبنك السعودي للاستثمار  على دعمهم لملتقى #DeveGo2024 في خطوة مهمة نحو دعم وتنمية مجتمعنا,1
نتقدم بجزيل الشكر والتقدير لبنك البلاد  على دعمهم لملتقى #DeveGo2024 في خطوة مهمة نحو دعم وتنمية مجتمعنا,1
نتقدم بجزيل الشكر والتقدير لبنك الرياض  على دعمهم لملتقى #DeveGo2024 في خطوة مهمة نحو دعم وتنمية مجتمعنا,1
نتقدم بجزيل الشكر والتقدير للبنك العربي الوطني على دعمهم لملتقى #DeveGo2024 في خطوة مهمة نحو دعم وتنمية مجتمعنا,1
"نتقدم بجزيل الشكر والتقدير للبنك السعودي الفرنسي  
على دعمهم لملتقى #DeveGo2024 في خطوة مهمة نحو دعم وتنمية مجتمعنا",1
لترسيخ دعائم التعاون شهِد ملتقى #DeveGo2024 توقيع اتفاقيات بنّاءة تستهدف تمكين رواد الأعمال وأصحاب المشاريع متناهية الصغر، نحو آفاق واسعة للابتكار، وإسهامًا في خلق بيئة مثالية لتنمية المشاريع الريادية.,1
نتشرف في ملتقى #DeveGo2024 بحضور معالي المهندس صالح بن ناصر الجاسر وزير النقل والخدمات اللوجستية ومعالي الأستاذ محمد بن مزيد التويجري نائب رئيس مجلس إدارة صندوق التنمية الوطني، كأبرز المتحدثين في ملتقى بنك التنمية الاجتماعية لريادة الأعمال وأنماط العمل الحديثة.,1
"أبرز ما تم ذكره في ملتقى #DeveGo2024من معالي المهندس صالح بن ناصر الجاسر، ومعالي الأستاذ محمد بن مزيد التويجري 

نُقاط جوهرية تنقلنا لِحاضر مُزدهر ومستقبل تنموي مستمر.",1
"جهود واضحة، 
وتكريم مُستحق اليوم وبكل فخر نتوّج ونحتفي في ملتقى #DeveGo2024 بكل وسيط تمويل كان خلف النجاحات الممتدة والأرقام المحققة لـ #بنك_التنمية_الاجتماعية",1
"لا تفوتوا فرصة متابعة ملتقى #DeveGo2024 عبر البث المباشر! 
انضموا إلينا وكونوا جزءًا من التجربة الريادية أينما كنتم https://x.com/i/broadcasts/1/i/broadcasts/1djGXNkmymzxZ…",1
بيان صحفي | تدشين ملتقى #DeveGo2024 بحضور معالي وزير ⁧الموارد البشرية والتنمية الاجتماعية⁩ المهندس أحمد بن سليمان الراجحي؛ والذي أطلقه #بنك_التنمية_الاجتماعية بهدف تعزيز ريادة الأعمال وبحث رؤى جديدة لأنماط العمل الحديثة.,1
"لا تفوتوا فرصة متابعة ملتقى #DeveGo2024 عبر البث المباشر! 
انضموا إلينا وكونوا جزءًا من التجربة الريادية أينما كنتم https://x.com/i/broadcasts/1/i/broadcasts/1BdGYrkLBzQJX…",1
"لا تفوتوا فرصة متابعة ملتقى #DeveGo2024 عبر البث المباشر! 
انضموا إلينا وكونوا جزءًا من التجربة الريادية أينما كنتم https://x.com/i/broadcasts/1/i/broadcasts/1YpJkwjPkEmJj…",1
مافيو جريفن وحديث مثري في ملتقى #DeveGo2024 حول الذكاء الاصطناعي وأهميته في حاضرنا ومستقبلنا.,1
"لا تفوتوا فرصة متابعة ملتقى #DeveGo2024 عبر البث المباشر! 
انضموا إلينا وكونوا جزءًا من التجربة الريادية أينما كنتم https://x.com/i/broadcasts/1/i/broadcasts/1MYGNoNvgAwJw…",1
الجلسات الحوارية الملهمة والمُثرية مستمرة في ثاني أيام ملتقى ريادة الأعمال وأنماط العمل الحديثة.  #DeveGo2024,1
"كريس بارتون:
استحوذت الشركة العالمية Appel على تطبيق SHAZAM بعد 18 عامًا من التأسيس",1
"لا تفوتوا فرصة متابعة ملتقى #DeveGo2024 عبر البث المباشر! 
انضموا إلينا وكونوا جزءًا من التجربة الريادية أينما كنتم https://x.com/i/broadcasts/1/i/broadcasts/1PlKQDdnNjMxE…",1
يأخذنا كريس بارتون الرئيس التنفيذي لتطبيق شازام في رحلة مُلهمة حول التطبيق وبداياته والهدف منه.,1
"نستضيف في #DeveGo2024 نخبة من المتحدثين في جلسات تفاعلية يجيب من خلالها الخبراء على تساؤلات الزوّار 

انضموا إلينا لتجربة حوارات تفتح آفاقًا جديدة! 
ابدأ من #DeveGo2024",1
"لا تفوتوا فرصة متابعة ملتقى #DeveGo2024 عبر البث المباشر! 
انضموا إلينا وكونوا جزءًا من التجربة الريادية أينما كنتم https://x.com/i/broadcasts/1/i/broadcasts/1mrxmylObAqxy…",1
اكتشف سبل الابتكار والمعرفة مع نخبة المدربين والخبراء الآن في #DeveGo2024,1
نضيء على قوة الإبداع في تشكيل مستقبل الأعمال انضموا لمناقشة رؤى مبتكرة وأفكار تحدث فرقًا في عالم الريادة، الآن في #DeveGo2024,1
استكشفوا كيفية تحويل التحديات إلى فرص في عالم التقنية والابتكار في المدفوعات الرقمية، وتطبيقات متقدمة لسلسلة الكتل، الآن في #DeveGo2024,1
""" مستقبل مساحات العمل المشتركة (طبيعة الأعمال والمستفيدون)"" يناقشها اليوم خُبراء الريادة والابتكار في ملتقى #DeveGo2024",1
""" تخطي الحواجز (أساليب تمكين رائدات الأعمال عبر التقنية) "" يناقشها اليوم خُبراء الريادة والابتكار في ملتقى #DeveGo2024",1
"""التحديات والفرص في ريادة الأعمال في مجال التقنية :ابتكار المدفوعات الرقمية وأفضل ممارسات سلسلة الكتل وخلق الفرص"" يناقشها اليوم خُبراء الريادة والابتكار في ملتقى #DeveGo2024",1
أهمية الإبداع والتنمية في ريادة الأعمال وكيف يمكن تحفيز الابتكار وتطويره لتحقيق التميز في السوق الآن في #DeveGo2024,1
استكشاف عالم التقنيات المالية في جلسة مليئة بالدروس المستفادة من تجارب الشركات الناشئة وكيفية استخدام التقنية لتعزيز النجاح، في #DeveGo2024,1
انضم إلى رحلتنا نحو استكشاف الفرص مع خبراء عالميين ومحليين يشاركون تجاربهم القيمة ومعارفهم العميقة الآن في #DeveGo2024,1
اكتشاف كيف يمكن للتمويل متناهي الصغر أن يبني أساسات صلبة للمشاريع الريادية مع البروفيسور محمد يونس، الآن في #DeveGo2024,1
انطلق إلى فرص استثنائية واستمتع ببيئة ريادية متميزة الآن في #DeveGo2024,1
حلول تمويل مبتكرة ومنتجات تطويرية الآن في #DeveGo2024,1
مجموعة واسعة من المهارات الريادية والخبرات المتنوعة تُعرض الآن في #DeveGo2024,1
"استكشف فرص الريادة مع المتخصصين والرياديين
بورش عمل متنوعة تتناسب مع احتياجات السوق المحلي لا تبدأ من الصفر 
ابدأ من #DeveGo2024",1
"يوم آخر ينتظرنا في ملتقى #DeveGo2024! 
جلسات حوارية تثري الفكر وورش عمل عن آفاق ريادة الأعمال وأنماط العمل الحديثة
انضموا إلينا في تجربة لا تُنسى في عالم الأعمال المبتكرة",1
"لا تفوتوا فرصة متابعة ملتقى #DeveGo2024 عبر البث المباشر! 
انضموا إلينا وكونوا جزءًا من التجربة الريادية أينما كنتم",1
كلمة الرئيس التنفيذي لبنك التنمية الاجتماعية أ.إبراهيم الراشد مفتتحاً بها ملتقى #DeveGo2024 والذي يُعنى بتعزيز دور البنك في تحقيق رؤى استراتيجية حول ريادة الأعمال وأنماط العمل الحديثة لتعزيز التنمية المستدامة.,1
أبرز ما جاء في الكلمة الافتتاحية لملتقى ريادة الأعمال وأنماط العمل الحديثة #DeveGo2024 ، أ. إبراهيم بن حمد الراشد الرئيس التنفيذي لبنك التنمية الاجتماعية,1
تجولوا معنا في ملتقى #DeveGo2024 واستكشفوا عالم الريادة بأعين رواده!,1
نسعد اليوم بتواجد أصحاب المعالي والوزراء في أول أيام ملتقى #DeveGo2024 ، وهذا ما يؤكد بإن قيادتنا الطموحة مستمرة بدعمها للطاقات الشبابية الواعدة في مختلف مناطق المملكة. ,1
ما بين إنجازاتٍ وأرقام نفخر بها، نستمر في الدعم والتمكين لشباب وشابات هذا الوطن، نحو رؤيةٍ طموحة ومستقبل ريادي استثنائي.#DeveGo2024,1
مع جادة 30 نفخر بأن حاضنات الأعمال المتميزة هي جزء لا يتجزأ من مبادرات بنك التنمية الاجتماعية، مما يعزز بيئة ريادة الأعمال ويدعم الأفكار الناشئة، ويحوّل الأحلام الواعدة إلى واقع ملموس.#DeveGo2024,1
""" ضخ بنك التنمية الاجتماعية في عام 2023 أكثر من 11 مليار ريال في الاقتصاد الوطني "" 
يسلط معالي وزير الموارد البشرية والتنمية الاجتماعية م. أحمد بن سليمان الراجحي   الضوء في كلمته على الأثر الذي يصنعه البنك في الاقتصاد الوطني في ملتقى #DeveGo2024",1
أبرز ما جاء في حديث وزير الموارد البشرية والتنمية الاجتماعية م. أحمد بن سليمان الراجحي #DeveGo2024,1
"ملتقى ريادة الأعمال وأنماط العمل الحديثة وصل لطاقته الاستيعابية اليوم,
 نتشرف بحضورك ثاني أيام الملتقى #DeveGo2024",1
"لا تفوتوا فرصة متابعة ملتقى #DeveGo2024 عبر البث المباشر! 
انضموا إلينا وكونوا جزءًا من التجربة الريادية أينما كنتم https://x.com/i/broadcasts/1/i/broadcasts/1OdKrjmaaneKX…",1
"نستضيف في #DeveGo2024 نخبة من المتحدثين في جلسات تفاعلية يجيب من خلالها الخبراء على تساؤلات الزوّار 
انضموا إلينا لتجربة حوارات تفتح آفاقًا جديدة! 
ابدأ من #DeveGo2024",1
"في مسيرة الدعم والتمكين تخصيص مليار ريال 
لدعم وتمويل روّاد الأعمال والمنشآت الصغيرة والناشئة.#DeveGo2024",1
عوامل النهوض بالاقتصاد المحلي والعالمي وطرق استدامته في #DeveGo2024.,1
ملتقى #DeveGo2024 في جلسة حوارية تتحدث عن سبل الريادة والمنظومات الواعدة في قطاع الأعمال.,1
مستقبل ريادة الأعمال في #DeveGo2024 عبر جلسة حوارية تفتح آفاق جديدة.,1
تنطلق فعاليات #DeveGo2024 بجلسة تفاعلية تتحدث عن سبل الريادة ونموها الهائل في قطاع الأعمال.#DeveGo2024,1
"وزير النقل والخدمات اللوجستية، معالي المهندس صالح بن ناصر الجاسر يؤكد على وضع العديد من المباردات التي تقلل من الاشتراطات التي تواجه روّاد الأعمال والمنشآت الصغيرة والمتوسطة. 
 #DeveGo2024",1
كيف يمكن للمنشآت أن تطور بيئتها بشكل مستمر لدعم منظومة العمل، الآن في #DeveGo2024,1
الحلول اللازمة لتعزيز الاستدامة من خلال التمويل الأخضر سعيًا لتحقيق أهداف النمو البيئية، الآن في #DeveGo2024,1
جلسة لافتة لإعادة تعريف مساحات العمل الجماعية، الآن في #DeveGo2024,1
مكّن البنك تفعيل الابتكار وتحقيق الأثر الاجتماعي عبر معادلة التمويل الاجتماعي، الآن في #DeveGo2024,1
في كلمته الافتتاحية يسلط الضوء صاحب المعالي وزير الموارد والتنمية البشرية المهندس أحمد بن سليمان الراجحي على حجم الضخ التمويلي التنموي الذي قام به بنك التنمية الاجتماعية خلال عام 2023م والذي يُقدر ب11 مليار ريال سعودي #DeveGo2024.,1
في #DeveGo2024  يجتمع شغف الريادة وسبل التمكين,0
من #DeveGo2024 ننطلق للفرص ونسعى للتمكين,1
"مستشارون، متحدثون، تمويل مباشر، فرص اسثمارية
كل هذا وأكثر في #DeveGo2024",1
هنا لا نتنبأ بالمستقبل، هنا نجعله ممكنًا #DeveGo2024,1
""" التمويل الأخضر والتنمية المستدامة: إطلاق الابتكار وخلق الفرص"" يناقشها اليوم خُبراء الريادة والابتكار في ملتقى #DeveGo2024",1
""" الاستثمارات المدعومة حكومياً أم تمويل القطاع الخاص؟"" يناقشها اليوم خُبراء الريادة والابتكار في ملتقى #DeveGo2024",1
"لا تفوتوا فرصة متابعة ملتقى #DeveGo2024 عبر البث المباشر! 
انضموا إلينا وكونوا جزءًا من التجربة الريادية أينما كنتم https://x.com/i/broadcasts/1/i/broadcasts/1MYxNoNWoqXKw…",1
"""مستقبل ريادة الأعمال في المنطقة والمنظومات التنموية الداعمة لها"" يناقشها اليوم خُبراء الريادة والابتكار في ملتقى #DeveGo2024",1
"لا تفوتوا فرصة متابعة ملتقى #DeveGo2024 عبر البث المباشر! 
انضموا إلينا وكونوا جزءًا من التجربة الريادية أينما كنتم https://x.com/i/broadcasts/1/i/broadcasts/1DXGyjMkRnyJM…",1
"رحلتنا في ملتقى #DeveGo2024 لليوم الأول مليئة بالإثارة!
جلسات نقاش ملهمة وورش عمل عن ريادة الأعمال وأنماط العمل الحديثة
لا تفوتوا الفرصة لتكونوا جزءاً من الحدث الأبرز في الرياض!",1
"خطوة واحدة تفصلنا عن الحدث الأكبر #DeveGo2024كونوا على الموعد!
تفتح أبوابنا غدًا الساعة 4:00 مساءً",1
"اتجاهات الوصول لمتلقى #DeveGo2024ننتظركم غدًا في الحدث الريادي الأضخم 
حضوركم إثراء",1
الرئيس التنفيذي أ. إبراهيم بن حمد الراشد على قناة  عن ملتقى بنك التنمية الاجتماعية لريادة الأعمال وأنماط العمل الحديثة #DeveGo2024,1
تعرف على ورش العمل لليوم الأول في ملتقى بنك التنمية الاجتماعية لريادة الأعمال وأنماط العمل الحديثة. #DeveGo2024,1
"ورش العمل مستمرة في اليوم الثاني من ملتقى بنك التنمية الاجتماعية لريادة الأعمال وأنماط العمل الحديثة. 
تعرف عليها أكثر #DeveGo2024",1
"بعد انتهاء رحلة التصويت من مختلف مناطق المملكة
جاء وقت الإعلان عن الفائزين في ملتقى ريادة الأعمال وأنماط العمل الحديثة  #DeveGo2024 

خلكم قريبين ",0
"تواجد استثنائي في ملتقى ريادة الأعمال وأنماط العمل الحديثة #DeveGo2024 يجمع كبرى الجهات، الهيئات والوزارات؛
متجهين نحو هدف واحد لإرساء أسس مستقبل مستدام.",1
"استعدوا لرحلة فكرية في #DeveGo2024 مع ألكسندر أوسترولدر ولينك ويسشهوزن 
حيث يجتمع خبراء الريادة لتقديم رؤى فريدة لآفاقاً من الابتكار
ترقبوا لقاء يُنير مسارات النجاح في عالم الريادة",1
"انضموا لملتقى #DeveGo2024 في حوار مُثري مع مشعل كانو وكلير أونيل
في جلسة حوارية تثري الفكر الريادي، لإثراء رؤية كل رائد أعمال",1
انضموا إلى حسن السحيمي وبريجت جيبهاردت في #DeveGo2024 لقاءات معززة برؤى متقدمة وأساليب تفكير مبتكرة لرسم ملامح مستقبل الأعمال,1
تجربة فريدة تستعرض مسيرة ملهمة وإرث اقتصادي ريادي؛ للبروفيسور محمد يونس أحد أبرز متحدثين الجلسات الحوارية في ملتقى #DeveGo2024,1
"قريبًا في #DeveGo2024 تشهدون تجربة استثنائية مع جيف هوفمان وبراد شوجارز شخصيتان تُضيئان مسار الابتكار والتميز في عالم ريادة الأعمال
ترقبوا لقاء يعيد تشكيل مفاهيم النجاح ويُلهم طموحاتكم",1
يتواجد البروفيسور محمد يونس في ملتقى ريادة الأعمال وأنماط العمل الحديثة، في جلسة حوارية فريدة من نوعها.#DeveGo2024,1
"في ملتقى #DeveGo2024 نقدّم منصة للابتكار والاستثمار في العلامات التجارية المحلية!
إذا كنت رائد أعمال وتبحث عن فرصة امتياز تجاري مميزة، فلا تفوت فرصتك لاستكشاف العلامات التجارية المحلية.",1
#بيان_صحفي | فرصتكم للتعرف على نخبةٍ من الشخصيات اللامعة والخبراء البارزين في مجالات ريادة الأعمال والتمكين الاقتصادي والاجتماعي من أنحاء العالم في ملتقى بنك التنمية الاجتماعية لريادة الاعمال وأنماط العمل الحديثة #DeveGo2024,1
"100 مستشار دولي ومحلي في ملتقى بنك التنمية الاجتماعية لريادة الأعمال وأنماط العمل الحديثة #DeveGo2024 لتقديم خبراتهم وتجاربهم الملهمة

لا تبدأ من الصفر، ابدأ من #DeveGo2024سجل الآن",1
"كل جلسة مع خبير تقدم لك الكثير
كل جلسة .. تُضيء شغفًا، تُحقق هدفًا، تُلهم، وتُعلِّم#DeveGo2024",1
"استكشف فرص تطوير مهاراتك الريادية وابدأ مشروعك من حيث يجتمع الإلهام والتمكين لا تبدأ من الصفر 
ابدأ من #DeveGo2024",1
"أيام تفصلنا عن إنطلاق ملتقى #DeveGo2024 

أكتشف الفرصة
 لا تبدأ من الصفر وابدأ من #DeveGo2024",1
"انضموا إلينا في أكثر من 30 ورشة عمل نحقق من خلالها التميز ونبتكر بأساليب جديدة 
لمستقبل يُرى بالتجارب والفرص 

لا تبدأ من الصفر، ابدأ من #DeveGo2024",1
"ورش عمل #DeveGo2024 في يومه الأول!
فرصة فريدة للتعلم والتطور المهني
سجلوا الآن وانضموا إلينا لتجربة تعليمية تبدأ بها

ابدأ من #DeveGo2024",1
"ورش عمل #DeveGo2024 في يومه الثاني!
فرصة فريدة للتعلم والتطور المهني
سجلوا الآن وانضموا إلينا لتجربة تعليمية تبدأ بها

ابدأ من #DeveGo2024",1
أيام تفصلنا عن حفل إعلان الفائزين بـ ⁧جائزة بنك الاجتماعية للمشاريع متناهية الصغر   #SDB_Award,1
"انضموا إلينا لاكتشاف تجارب المتحدثين، خبراء متميزين يشاركون تجاربهم ويطرحون رؤى مبتكرة في ملتقى #DeveGo2024 محفل التعلّم وتبادل الأفكار

لا تبدأ من الصفر ابدأ من #DeveGo2024",1
"في ملتقى #DeveGo2024 جمعنا خُبراء الصف الأول وصُناع الريادة في مكان واحد، لتقديم جوهر خبراتهم وتحدياتهم لروّاد المستقبل 

لا تبدأ من الصفر، ابدأ من #DeveGo2024",1
"في ملتقى #DeveGo2024 جمعنا خُبراء الصف الأول وصُناع الريادة في مكان واحد، لتقديم جوهر خبراتهم وتحدياتهم لروّاد المستقبل 

لا تبدأ من الصفر، ابدأ من #DeveGo2024",1
"المشروع يبدأ بإلهام، ويستمر بالدعم والخدمات التمكينية 
لا تبدأ من الصفر 
ابدأ من #DeveGo2024",1
"انضموا إلينا لاكتشاف توجهات العمل الحديثة، خبرات حية، استراتيجيات التحول الرقمي، وتقييم الفرص الاستثمارية 

لا تبدأ من الصفر، ابدأ من #DeveGo2024",1
#بيان_صحفي | نحو رؤية تنموية ومستقبل مستدام #بنك_التنمية_الاجتماعية يستعد لإطلاق ملتقى ريادة الأعمال وأنماط العمل الحديثة #DeveGo2024,1
"استكشفوا مشاريع رواد الأعمال المبدعين والمبتكرين وتأملوا في فرص استثمارها أو الاستلهام منها لفتح مشاريع جديدة، لن تجدوا مكانًا أفضل للاطلاع على الأفكار الرائدة والفرص الاقتصادية المثرية.

لا تبدأ من الصفر ابدأ من #DeveGo2024",1
"يومان تفصلنا عن انتهاء التصويت للمرشحين بجائزة ⁧بنك التنمية الاجتماعية #SDB_Award 
صوتك يوصلهم ويوّصلهم#صوت_لأهلك",0
"في #DeveGo2024 اوجدنا قيم الابتكار والأفكار الحديثة لريادة الأعمال 

لا تبدأ من الصفر، ابدأ من #DeveGo2024ملتقى بنك التنمية الاجتماعية لريادة الأعمال وأنماط العمل الحديثة",1
"هل أنت جاهز لرحلة ثرية في عالم الريادة ؟
اتبع الخطوات وكن جزء من ملتقى #DeveGo2024",1
"مكان تنطلق فيه للريادة 
نحو التميز والنمو 
ملتقى ريادة الأعمال وأنماط العمل الحديثة #DeveGo2024رحلة تنموية واستراتيجيات ملهمة",1
"انضم إلينا في #DeveGo2024 متحدثون محترفون جاهزون لإلهام مشروعك وصولًا للنجاح
 لا تبدأ من الصفر 
ابدأ من #DeveGo2024",1
"مشروعك يبدأ من نقطة يلتقي فيها الإلهام والتمكين
لا تبدأ من الصفر 
ابدأ من #DeveGo2024",1
"من حب الإبداع وشغف التميّز ابدأ عملك الحر ليصل بك للريادة
لا تبدأ من الصفر 
ابدأ من #DeveGo2024",1
"مشروعك يبدأ من نقطة يلتقي فيها الإلهام والتمكين
لا تبدأ من الصفر 
ابدأ من #DeveGo2024",1
"اكتشف الفرص 
في ملتقى ريادة الأعمال وأنماط العمل الحديثة #DeveGo2024الحدث الريادي الأضخم",1
"#صوّت_لأهلك ورشحهم للفوز بجائزة بنك التنمية الاجتماعية #SDB_Award 

صوتك يوصلهم ويوّصلهم ",0
#صوّت_لأهلك بجائزة #بنك_التنمية_الاجتماعية #SDB_Award #DeveGo2024,0
#صوّت_لأهلك في المنطقة الشمالية ورشحهم للفوز بجائزة #بنك_التنمية_الاجتماعية #SDB_Awardصوتك يوصلهم ويوّصلهم #DeveGo2024,0
#صوّت_لأهلك في المنطقة الجنوبية ورشحهم للفوز بجائزة #بنك_التنمية_الاجتماعية #SDB_Awardصوتك يوصلهم ويوّصلهم #DeveGo2024,0
"من قلب أفريقيا إلى وسط آسيا يجتمع قادة قطاع التعدين والمستثمرين والمهتمين بصناعة التعدين حول العالم في الرياض لاستشراف #مستقبل_المعادن في #مؤتمر_التعدين_الدولي خلال الفترة من 9 إلى 11 يناير 2024. 

سجل الآن!https://bit.ly/FMF24RegEn",1
"في جازان.. أرض الجمال والتنوّع

يشارك #بنك_التنمية_الاجتماعية بجناح تعريفي و 20 منفذًا للأسر المنتجة في #شتاء_جازان24 للتعرّيف بالمنتجات التمكينية وتقديم الدعم للمشاركين 

حيابكم القرية التراثية
  4 - 29 يناير
  3 - 10 مساءً",0
ماهي أهم قناة تتعامل معها في التواصل مع #بنك_التنمية_الاجتماعية   للاستفسار؟,1
تأكيداً على دوره التنموي الفاعل، حصل #بنك_التنمية_الاجتماعية  على شهادة اعتماد دولية من “المعهد القانوني للشراء والتوريد CIPS”، توّج فيها اتّباعه لأفضل الممارسات العالمية.,1
من منطلق دعم فكرة الامتياز التجاري وتطوير أدواتها، أقام #بنك_التنمية_الاجتماعية في مقر جادة ٣٠ #ملتقى_الامتياز_التجاري استعرض من خلاله الخدمات والمنتجات التنموية التي تخدم القطاع.,1
"في #بنك_التنمية_الاجتماعية نحرص على تطوير خدماتنا وفق منهجيات فعالة، ونولي أفكاركم ومقترحاتكم اهتمامًا بالغًا

 #استشارة_عامة",1
"موسم الحمضيّات بدأ؟
تقدر تستفيد وتدخل فلوس
مع #التمويل_الموسمي بسيولة نقدية ومنافذ بيع
يلبّي احتياجك ويدعم مشروعك قدّم الآن",0
حقق #بنك_التنمية_الاجتماعية المركز الثالث كأعلى جهة حكومية في مجموعة “المالية والصناديق” في #قياس_التحول_الرقمي 2023م، وتوّجت هذه الجائزة جهود البنك في تبنّي تقنية الواقع الافتراضي كحل مبتكر وفعّال لمختلف المستفيدين في مناطق المملكة.,1
لمستقبل الاستثمار الواعد؛ يدعوكم #بنك_التنمية_الاجتماعية لحضور #ملتقى_الامتياز_التجاري الحدث الفريد من نوعه، والذي يجمع نخبة من العلامات التجارية المانحة.,1
"#بيان_صحفي | في مسيرة الإنجازات والتحوّل الرقمي للجهات الحكومية؛ يتوّج بنك التنمية الاجتماعية بحصوله على المركز الثالث كأفضل البنوك والصناديق في ""قياس التحول الرقمي"" لعام 2023.",1
"بيان صحفي| لمستقبل الفرص التمويلية يطلق #بنك_التنمية_الاجتماعية المنتج ""الموسمي"" في كافة مناطق المملكة.",1
#استشارة_عامة خدمة مختبر الأفكار تعني:,1
مستمرون معكم في رحلة الإنجازاتونفخر كوننا ضمن أعلى الجهات الحكومية في تصنيف #قياس_التحول_الرقمي#ملتقى_الحكومة_الرقمية,1
#استشارة_عامة المشاركة الإلكترونية تعني:,1
"معاك بكل المواسم!

يدعم مشروعك الموسمي
ويحقق طموحك منتج التمويل الموسمي بدأ",1
"لدعم ممارسي العمل الحر الموسمي 
كن أحد شركائنا واختصر طريق التمكين.

انضم لشركائنا الآن",1
مكانك هنا بين الحِرفيين طوَّر مهاراتك الحرفية والمهنية، وابدأ خطوتك الأولى في افتتاح مشروعك الخاص؛ وانطلق نحو سوق العمل الحر.#التدريب_المهني_والحرفي#يدنا_بيدك,1
"بعيوننا نشوفكم... 
ونعرف تفاصيلكم... 
ونفتح الطريق لإبداعكم... 
في برنامج التدريب المهني والحرفيّ  
يدنا بيدكم طول الطريق...
وبعيوننا أنتم الأفضـــل  #التدريب_المهني_والحرفي #يدنا_بيدك",0
ضمن برامجنا التي تمكّن المرأة اجتماعيًّا واقتصاديًّا؛ هذه إضاءة على مبادرة نيوم سفن سينسز للتمويل متناهي الصغر بالتعاون مع بنك التنمية الاجتماعية لرائدات الأعمال وصاحبات المشاريع الصغيرة كي يصبحن جزءًا فاعلًا في الاقتصاد الوطني المزدهر.#نيوم #أثر_في_المستقبل,1
"بتواجد أبرز الجهات الحكومية والخاصة الداعمة لقطاع الأعمال
يشارك #بنك_التنمية_الاجتماعية في ملتقى تسهيل بنسخته الأولى بجناح تنموي للتّعريف على أبرز الفرص الاستثمارية والبرامج التنموية لروّاد الأعمال وأصحاب المنشآت الصغيرة والمتوسطة.
حياكم الله 9:00 ص - 4:00 م 13 - 14 ديسمبر",1
"وزعنا جوائز أبنائنا المشتركين في زود الأجيال لشهر نوفمبر لوعيهم وإدارة محافظهم المالية بكل احترافية، 
سجل أبنائك وشجّعهم على تحقيق أهدافهم المالية مع زود الأجيال ",1
فرص متنوعة وإمكانيات واعدة؛ تواجد #بنك_التنمية_الاجتماعية في #برنامج_ألف_ميل لدعم المشاركين من روّاد الأعمال والتعريف بالممكنات التنموية التي يقدمها بنك التنمية لمختلف الأفراد والمنشآت.,1
تطويرًا لقدرات روّاد الأعمال وإبرازًا لمشاريعهم الريادية؛ شارك بنك التنمية الاجتماعية في #برنامج_ألف_ميل في نسخته الثانية بجناح تعريفي ودورات تدريبية قدّمها أبرز المستشارين بهدف تطوير مهارات روّاد الأعمال ورفع الكفاءات في قطاعيّ الصناعة والخدمات اللوجستية.,1
نحو مستقبل واعد وتنمية مستدامة؛ تستمر مسيرة التنمية الشاملة وصناعة فرص الازدهار لاقتصادنا الوطني.#ميزانية_السعودية_2024,1
بتوجيه ومتابعة سمو #ولي_العهد رئيس مجلس إدارة صندوق التنمية الوطني ⁦⁩، وبتكامل شركاء منظومة التنمية من الصناديق والبنوك التنموية سنحقق تطلعات #خادم_الحرمين_الشريفين في تلبية طموحات وطننا الغالي #ميزانيه_السعوديه2024,1
"#بيان_صحفي | لإثراء الممارسات وتعظيم الجهود التطوعية في المجتمع؛ #بنك_التنمية_الاجتماعية يطلق ""معيار تفعيل التطوع للقطاع الخاص"" في #اليوم_العالمي_للتطوع",1
"في #اليوم_العالمي_للتطوع؛ نفخر بمركز دلني للأعمال 
أحد برامج #بنك_التنمية_الاجتماعية غير الربحية التي تساهم في تمكين وتنمية  أصحاب المنشآت الصغيرة وروّاد الأعمال للدخول في الأسواق المحلية واستدامة أعمالهم عبر تقديم البرامج التدريبية والاستشارات المتخصصة ",1
مسيرة تنموية شاملة لمجتمع حيوي ومُنتج؛ يعتز بنك التنمية الاجتماعية بإسهاماته التطوعية في تمكين أفراد المجتمع، ودعم مسيرتهم الريادية من خلال البرامج التطويرية والمنتجات غير الربحية  التي تهدف إلى تمكين الأفراد وتعزيز القدرات وتنميتها.#يوم_التطوع_العالمي,1
"استمرارًا لتحقيق التميز والريادة؛ كُرِّم #بنك_التنمية_الاجتماعية من قبل معالي وزير الموارد البشرية والتنمية الاجتماعية م. أحمد الراجحي، بمناسبة إطلاق ""معيار تفعيل التطوع للقطاع الخاص"" لتكون إحدى مبادرات بنك التنمية الاجتماعية، ممثلاً بمركز دلني للأعمال التي تهدف إلى إثراء العمل",1
"لبيئة صحيّة مستدامة شارك #بنك_التنمية_الاجتماعية في ملتقى ""التعريف بنشاط التخييم البيئي"" بالتعاون مع هيئة تطوير محمية الإمام تركي بن عبدالله الملكية والغرفة التجارية بحائل، وتم في ضوء ذلك الاجتماع مع أمانة حائل؛ لبحث فرص الاستثمار، والتعريف بمنتج العمل الموسمي الداعم لأصحاب العمل",1
نحو تحقيق أهداف التنمية المستدامة للأشخاص ذوي الإعاقة، يفخر #بنك_التنمية_الاجتماعية في #اليوم_العالمي_للأشخاص_ذوي_الإعاقة بالإسهامات التنموية في دعم وتمكين ذوي الإعاقة من خلال الخدمات والمنتجات المساهمة في إبراز بصماتهم الفارقة في مختلف المجالات.,1
نحو مستقبل مستدام لمنطقة جازان، شارك #بنك_التنمية_الاجتماعية في #منتدى_جازان_للاستثمار بجناح تنموي وجلسات حوارية؛ لتقديم الدعم والتمكين لروّاد الأعمال وقطاع المنشآت.,1
شارك سعادة الرئيس التنفيذي لـ #بنك_التنمية_الاجتماعية أ. إبراهيم الراشد في #منتدى_جازان_ للاستثمار_2023 للحديث حول المبادرات الحديثة لدعم وتمويل المنشآت الصغيرة والناشئة وتعزيز ثقافة ريادة الأعمال في منطقة جازان.,1
نحو آفاق مستقبلية لتنمية مستدامة؛ تواجدنا في #منتدى_جازان_للاستثمار لاستكشاف الفرص والتعريف بالممكنات التنموية,1
بشكل عام، ما مدى معرفتك عن #بنك_التنمية_الاجتماعية والخدمات والمنتجات التي يقدمها؟,1
"تعلن هيئة تطوير #محمية_الإمام_تركي_بن_عبدالله_الملكية عن عقد ملتقى للتعريف بنشاط التخييم البيئي، بالتعاون مع  و  و غرفة حائل03/12/2023 07:15 مساءً 

يرجى مسح الباركود في حال الرغبة بالتسجيل ",1
الرياض اختيار العالم #الرياض_إكسبو2030#RiyadhExpo2030,1
أهلًا بالعالم في قلب المملكة #الرياض_إكسبو2030#RiyadhExpo2030,0
تحقيقًا لمستهدفات الرؤية وتعزيز شفافية القطاعات الحكومية سدايا وبرنامج التحول الوطني يطلقان المؤشر الوطني للبيانات (نضيء) منصة البيانات المفتوحة ومنصة حوكمة البيانات؛ نحو اقتصاد وطني قائم على البيانات.#رؤية_السعودية_2030 #المنتدى_السعودي_للبيانات,1
"حيابكم في #منتدى_جازان_للاستثمار_2023نسعد بحضوركم في الجلسة الحوارية للرئيس التنفيذي في #بنك_التنمية_الاجتماعية  أ. إبراهيم الراشد
وندعوكم لزيارة جناحنا والتعرّف على أبرز المنتجات والبرامج المقدمة لروّاد الأعمال والمنشآت ",0
منتج التمويل المالي من #بنك_التنمية_الاجتماعية يلبي حاجة المحاسبين المرخصين والراغبين في تأسيس مكتبهم المهني وأصحاب المكاتب المهنية الصغيرة والمتوسطة لنمو الاستدامة المهنية بكل ثقة.#مكين| اطلب تمويلك الآن:https://socpa.org.sa/Socpa/Licenses-and-Quality/ps/2497.aspx…,1
"فيديو | الملاكمة السعودية ""نجاح الحسان"" تحترف رياضة الملاكمة وتنشئ صالتها الرياضية بدعم من بنك التنمية

للمزيد مع مراسل #الإخبارية سعود بن بجاد#الراصد",1
فيديو | فارس العبد الجبار المدير التنفيذي لتمويل المنشآت: لدينا 10 آلاف مستفيد هذه السنة بملبغ يتجاوز 3 مليارات وقمنا بدعم أكثر من مليون فرد ومنشأة بمبلغ يتجاوز 10 مليارات ريال #الراصد,1
"نحو مستقبل مالي ادخاري مستدام،  شارك #بنك_التنمية_الاجتماعية في الاجتماع السنوي #SJDM بورقة بحثية ""حول عوامل تحفيز السلوكيات الادخارية "" بهدف تنمية أدوات الاقتصاد السلوكي، وزيادة مساهمته في مجال البحث العلمي.",1
في #بنك_التنمية_الاجتماعية⁩ نهتم بتطوير قدراتنا البشرية وعملائنا لتحقيق أهدافنا في التنمية والتمكين والاستدامة، وتأتي⁧#مبادرة_القدرات_البشرية⁩ تحت رعاية سمو ⁧#ولي_العهد⁩ عبر منصة لخلق فرص محققة للقدرات الوطنية، وللـ #الاستعداد_للمستقبل,1
اليوم هذا يومهم يتعلمون ويكسبون مع #توكن وبرنامج زود الأجيال من  سجّل الآن وخلهم يبدون رحلة الادخار https://token.riyadbank.com/ar/home#اليوم_العالمي_للطفل,0
"لأن طموحك ماله حد
وتمكينك علينا وعد 

ينطلق اليوم برنامج تمكين روّاد الأعمال في القطاع الصحي من خلال مركز دلني للأعمال ، بالشراكة مع وزارة الصحة ، وبالتعاون مع  و  في شراكة داعمة لمنظومة صحة الإنسان وتمكين العاملين عليها.",1
استعد للتحول نحو الابتكار مع#ملتقى_الذكاء_الاصطناعي_AI_لخدمة_رواد_الأعمال2023ضمن #اسبوع_ريادة_الأعمال_العالمي مع نخبة من الخبراء في عالم الذكاء الاصطناعي لمناقشة أحدث التطورات والابتكارات التي ستدعم رواد الأعمال ,1
"انتبه !
موظف البنك ما يطلب معلوماتك السريّة والبنكية
وعشان تتجنب الوقوع في الاحتيال، حمل تطبيق بنك التنمية الاجتماعية من مصادره الرسمية أو قدّم عبر الموقع الإلكتروني#خلها_بينّا",1
خلك واعي.. ولا تكون صيدة سهلة للمحتال!#خلها_بينّا,0
"عشان ما تكون ضحية محتال، وتخسر مشروع العمر! 
قدّم بنفسك و #خلها_بينّا ",0
"رمز التحقق خاص وسري 
لا تشاركه مع أي شخص!
قدّم بنفسك و #خلها_بينّا ",1
"ما تبغى تسمع ""يا فرحة ما تمت""!

قدّم بنفسك و #خلها_بينّا ",0
"لا تعرض نفسك لمشاكل أنت في غنى عنها!
قدّم بنفسك و #خلها_بينّا ",0
"بنك التنمية الاجتماعية يحتفي بممارسي العمل الحر في ⁧#حفل_العمل_الحر2023⁩ #السعودية 
عبر:",1
من التجارب المثرية افتخرنا بأصحاب العمل الحر في ليلة استثنائية، وكرّم البنك أبناءه وشركاء النجاح بحضور الرئيس التنفيذي لبنك التنمية الاجتماعية أ. إبراهيم حمد الراشد ؛ نحو مستقبل مضيء وتنمية مستدامة. #نعرفك_ونثمنك,1
"احتفاء بمنجزات ونجاحات ممارسيّ العمل الحر؛ نظَّم #بنك_التنمية_الاجتماعية لقاءً لأصحاب￼￼
العمل الحر والحِرف اليدوية بمختلف المجالات، لتكريم واستعراض التجارب الاستثنائية والنجاحات 
المبهرة في #حفل_العمل_الحر2023#نعرفك_ونثمنك",0
بحفاوة من #بنك_التنمية_الاجتماعية قصص نجاح أبطال العمل الحر الحاصلين على حوافز هذا العام تزيّن #حفل_العمل_الحر2023#نعرفك_ونثمنك,0
معك إلى أبعد من الفكرة في حفل العمل الحر 2023 #نعرفك_ونثمنك من إبداعاتك اللي تُثري الفكر، وأعمالك الحِرفية المتقنة.,1
"رسوم فنية تلهمك .. وتمتع نظرك. 
 #حفل_العمل_الحر2023 #نعرفك_ونثمنك",0
لحظات فخر بحضور شركاء النجاح من القطاع الحكومي والقطاع الخاص في تدشين #حفل_العمل_الحر2023 من قبل #بنك_التنمية_الاجتماعية ؛ لتكريم الفائزين في جولات التحدي.#نعرفك_ونثمنك,1
معًا نحو التميُّز وصناعة الفرصلأننا #نعرفك_ونثمنك نفتح لك الآفاق المستقبلية مع شركاء النجاح والتنمية في حفل العمل الحر 2030,1
اعتزازًا بجهود ممارسيّ العمل الحر؛ دشّن الرئيس التنفيذي لـ #بنك_التنمية_الاجتماعية أ. إبراهيم الراشد #حفل_العمل_الحر2023 بكلمة ترحيبية وسط تواجد شركاء النجاح من القطاع الحكومي والقطاع الخاص في المملكة العربية السعودية.#نعرفك_ونثمنك,1
"#نعرفك_ونثمنك لأنك بعيوننا البطل في مسيرة العمل الحر،
شريك النجاح، ورفيقنا نحو المستقبل المزدهر",0
برعاية صاحب السمو الملكي الأمير سعود بن طلال بن بدر محافظ الأحساء وقّع #بنك_التنمية_الاجتماعية عدة اتفاقيات تعاون; تهدف إلى تمكين القطاع غير الربحي في عدة مجالات من خلال دعم وتمويل الأسر المنتجة عبر محافظ تمويلية.,1
#نعرفك_ونثمنك في عملك الحر اللي يلوّن مستقبلك، ومستقبل الطموحين من حولك,0
"استكمالاً لرحلة #التدريب_المتخصص وحرصاً على إنفاذ منتجات الأسر المنتجة وأصحاب العمل الحر للسوق المحلي والدولي؛ سيبدأ قريبًا معسكر تنمية المنتجات الحرفية والمهنية للتدريب على التسويق المبتكر، وطرق التسعير الذكي، وفن تصوير المنتجات.

المقاعد محدودة #وصل_منتجك_للعالم",1
#يدنا_بيدك في برنامج #التدريب_المهني_والحرفي من بنك التنمية الاجتماعية .. ورش عمل من متخصصين عالميين تفتح الطريق لإبداعك، وتطوّر إمكانياتك بتقنيات حديثة تدعمك وتختصر لك المسافة لأنك بعيوننا … الأفضل طـــــول الطريقسجل الآنhttps://rb.gy/1x03r,0
"بيوت الخبرة العالمية جوك في دارك!
تبي تطور منتجاتك؟
سجل الآن.. وسارع بحجز مقعدك",0
رحلة المتدربين في برامج التدريب المتخصص مع خبراء صناعة العطور من أكاديمية Isipca، ومبدعيّ مجال صناعة الأزياء العالمية LaFabrique ونسج الصفصاف مع السعف من معهد Creative with nature، وتضمنّت الرحلة المعرض المصاحب للمنتجات المبتكرة، وتوقيع اتفاقيات تعاون مع الخبراء العالميين ,1
بانتظاركم في جناح #بنك_التنمية_الاجتماعية المشارك في #ملتقى_الأحساء_للشركات_الناشئة_2023 للاستفادة من الخدمات والمنتجات التمويلية المتنوعة لكافة رواد الأعمال، وعبر موقعنا الإلكتروني ,1
"دعمًا وتعزيزًا لرواد الأعمال في مختلف المجالات والمناطق؛ يشارك #بنك_التنمية_الاجتماعية في #الأسبوع_العالمي_لريادة_الأعمال حياكم الله في #جادة30 

للتسجيل: https://forms.gle/ChHdaqmQcAvbpkNc6…",1
رحلة متكاملة تقدر من خلالها تحدد وضعك المالي وتستفيد من المنتجات المقترحة والمناسبة لك #اصمل_لاتبلش #اليوم_العالمي_للادخار,0
خياراتك كثيرة وحوافزك جاهزة مع منتج #العمل_الحربتمويل يصل إلى 300 ألف ريال، وحوافز تكافئ استمراريتك,0
ﺑﺎﻟﺗزاﻣن ﻣﻊ #اﻷﺳﺑوع_اﻟﻌﺎﻟﻣﻲ_ﻟرﯾﺎدة_اﻷﻋﻣﺎل نلتقيكم في #ﻣﻠﺗﻘﻰ_اﻷﺣﺳﺎء_ﻟﻠﺷرﻛﺎت_اﻟﻧﺎﺷﺋﺔ_2023 ﻓﻲ دورﺗﮫ اﻟﺛﺎﻟﺛﺔ 7 - 9 نوفمبر 4 - 11 مساءً فندق اﻷﺣﺳﺎء اﻧﺗرﻛوﻧﺗﻧﻧﺗﺎل,1
الموارد البشرية دائماً هي السر وراء أي قصة نجاح، ولهذا تم تغيير سياسات الموارد البشرية في البنك، وتم استقطاب كفاءات وخبرة لا تقل عن خبرات البنوك التجارية الرائدة، إلى جانب تقديم تقييم وتدريب وتطوير مستمر لموظفي البنك، ونتيجة لهذا التحول، تم تطوير المنتجات والاستثمارات ورقمنتها,1
منصة الادخار تخدمك أنت وأطفالك ببرامج التثقيف المالي والخدمات المقدمة  #اصمل_لاتبلش #اليوم_العالمي_للادخار,0
"#انفوجرافيك_السبت|

بنـك التنـمية الاجتـماعـية بـالقـصيم .. 
تـأهيل وتدريـب لتمـكين مـجتمعي ومـنتجات وبـرامـج تمـويـلية مـيسرة.",1
"مسار ""3500"" لدعم الأسر المنتجة والمشاريع متناهية الصغر. 

للمزيد من التفاصيل مع شيرين العبدالرحمن مدير إدارة تطوير البرامج والمنتجات في بنك التنمية الاجتماعية#من_السعودية | #قناة_السعودية",1
قادة التنمية وريادة الأعمال من #ملتقى_امبريتك_الدولي2023⁩ رسائل ملهمة نحو ريادة عالمية وتنمية شاملة في مجال ريادة الأعمال.,1
لتحفيز المدخرين وسعنا نطاق ماراثون زود الادخاري و الجوائز السنوية  #اصمل_لاتبلش #اليوم_العالمي_للادخار,0
"اصمل ولا تبلش
حياك الله في معرض #اليوم_العالمي_للادخارعلشانكم مددنا يومين إضافية للمعرض تعال واتعرف على المنتجات الادخارية الجديدة اللي تساعدك في رحلتك الادخاريةحيّا الله الجميع الرياض - #بنك_التنمية_الاجتماعية - المقر الرئيسي",0
برامج وقصص نجاح احتضنها #ملتقى_امبريتك_الدولي2023  لروّاد الأعمال بحضور عدد من الزوار والمهتمين بريادة الأعمال.#بنك_التنمية_الاجتماعية,1
"نائب الرئيس التنفيذي لقطاع الاستراتيجية والابتكار في بنك التنمية الاجتماعية السعودي لـ CNBC عربية:

140 مليار ريال إجمالي دعم المنشآت والقطاعات الاجتماعية والأعمال في السعودية منذ تأسيس البنكhttps://cnbcarabia.com/115695/",1
برعاية صاحب السمو الملكي الأمير سعود بن نايف أمير المنطقة الشرقية؛ يشارك #بنك_التنمية_الاجتماعية كراعي استراتيجي، و  كشريك إبداعي في #الشرقية_تبدع؛ بهدف تنمية مواهب المبدعين في مختلف المجالات، وإثراء الفن.,1
برنامج يساعدك ويحفزك بس #اصمل_لاتبلش #اليوم_العالمي_للادخار,0
برأيك، ماهي أفضل وسيلة لتقييم تجربتك ما بعد الخدمة؟,1
الصملة تعينك ماتبلش#اصمل_لاتبلش #اليوم_العالمي_للادخار,0
رسخ ثقافة الادخار عند ابنائك مع تطبيق كناز #اصمل_لاتبلش #اليوم_العالمي_للادخار,0
#بيان_صحفي | لمستقبل ادخاري ومجتمع واعي؛ #بنك_التنمية_الاجتماعية يطلق خدمات ادخارية جديدة في #اليوم_العالمي_للادخار,1
"حيّا الله من يجينا
وينوّر المكانمعرض #اليوم_العالمي_للادخاربمقر بنك التنمية الاجتماعية#اصمل_لاتبلش ",0
تهدف اتفاقية التعاون بين وزارة الصحة و  خلال #ملتقى_الصحة_العالمي إلى تمكين الممارسين الصحيين ورواد الأعمال ودعم العمل الحر عبر عدة مبادرات.,1
"لا تقسم بلشتك 
قسم دخلك وابدأ بالادخار #اصمل_لاتبلش#اليوم_العالمي_للادخار",0
اصمل الحين .. تسلم بعدين! #اصمل_لاتبلش #اليوم_العالمي_للادخار,0
سجل أبنائك وكافئهم بالحوافز الشهرية بناءً على مدخراتهم واستمراريتهم، زود الأجيال يُنمي ثقافة أبنائك ويساعد على تحسين وعيهم المالي#اصمل_لاتبلش#اليوم_العالمي_للادخار,0
بزود .. زود فلوسك #اصمل_لاتبلش #اليوم_العالمي_للادخار,0
لمجتمع صحي ينعم أفراده بحياةٍ عامرة؛ عقدت اتفاقية بين #بنك_التنمية_الاجتماعية ووزارة الصحة لإطلاق عدة مبادرات في التدريب والتأهيل بوجود برامج تمويلية ومساحات صحية مشتركة لتمكين الممارسين الصحيين من ريادة الأعمال في القطاع الصحي.,1
"#بيان_صحفي | لثقافة معلوماتية في التسويق والخدمات اللوجستية؛ #بنك_التنمية_الاجتماعية يطلق حملة ""مسار 3500"" لدعم الأسر المنتجة، والمشاريع متناهية الصغر.",1
لا تصور صورة شخصية.. ابني صورة نمطية #اختر_مسارك_بنفسك ,0
لا تربط منتجاتك بنفسك.. اربطها مع الموردين#اختر_مسارك_بنفسك ,0
لا تتكلم مع منتجاتك.. خل منتجاتك تتكلم عن نفسها#اختر_مسارك_بنفسك ,0
شعار العلامة التجارية أحد أجزاء:,1
الرقم التتبعي للمنتجات يقصد بـ:,1
الجمهور المستهدف جزء من:,1
رحلة مُلهمة نحو النجاح والتميّز، رائدة الأعمال السعودية سارة الجشي صاحبة مشروع مصنع سدرة، تحصل على جائزة المرأة الواعدة في مجال الأعمال في #ملتقى_امبريتك_الدولي2023 ,1
لمستقبل حرفيّ نوعيّ تم توقيع اتفاقية بين #بنك_التنمية_الاجتماعية والمعهد البريطاني؛ لتوفير فرص التعاون الاستراتيجي، وتنفيذ عدد من الدورات التدريبية المتخصصة للأسر المنتجة وممارسيّ العمل الحر، وتقديم استشارات متخصصة لتطوير منتجاتهم والمساهمة في إنفاذها للأسواق المحلية والعالمية.,1
تواجدنا بين أكثر من 500 رائد أعمال نفخر بهم وبطموحهم، وعشنا تجارب ثرية بفعاليات ممتعة في #ملتقى_امبريتك_الدولي2023 ,1
"“منبهرة، لأنه من الصعب إيجاد دولة سريعة التحول، وتعمل على تطوير الخدمات للمنشآت الصغيرة والمتوسطة مثل السعودية”
من كلمة معالي الأمين العام لمؤتمر الأمم المتحدة للتجارة والتنمية ريبيكا جرينسبان في #ملتقى_امبريتك_الدولي2023 ",1
لبناء القدرات وتعزيز ريادة الأعمال وتطوير البرامج في قطاع الخدمات اللوجستية؛ تم التوقيع على الشراكة الثلاثية بين #بنك_التنمية_الاجتماعية ومنظمة #الأونكتاد والأكاديمية السعودية اللوجستية في #ملتقى_امبريتك_الدولي2023 .,1
"لأول مرة في السعودية مبادرة تجمع 40 دولة 
نوفر فرصة التوسع عبر الحدود!
منصة Square 
حيث تبدأ قصة نجاحك #ملتقى_امبريتك_الدولي2023 For the first time in Saudi Arabia, an initiative that unites 40 countries, offering cross-border expansion opportunities! 
Square platform,",1
"الرئيس التنفيذي لبنك التنمية الاجتماعية ""إبراهيم الراشد"": تم تمويل 46 ألف منشأة ناشئة من قبل البنك، وقيمة التمويل خلال الـ 6 سنوات الأخيرة وصلت إلى نحو 40 مليار ريال. #ملتقى_امبريتك_الدولي2023⁩
عبر:",1
في أسواق النفع العام نرتقي بالناتج المحلي الزراعي؛ دعمًا وتمكينًا لأصحاب المزارع المهتمين وممارسيّ الزراعة بالتعاون مع  و  #بنك_التنمية_الاجتماعية,1
من وطن يؤمن بأن الإنسان أولاً، ويسخر موارده لتمكين شبابه وتنمية اقتصاده؛ افتتحنا اليوم بحضور أمين عام مؤتمر الأمم المتحدة للتجارة والتنمية #ملتقى_امبريتك_الدولي2023، وذلك للمرة الأولى خارج مقره في جنيف؛ لنقل تجارب عالمية لرواد الأعمال وأصحاب العمل الحر، والانطلاق معاً للمستقبل.,1
كلمة معالي وزير الموارد البشرية والتنمية الاجتماعية م. أحمد بن سليمان الراجحي  في #ملتقى_امبريتك_الدولي2023  والتي ناقش من خلالها أهداف الوزارة في دعم التنمية المستدامة والمنشآت الناشئة.,1
نتشرف بمتابعتكم للبث المباشر لـ #ملتقى_امبريتك_الدولي2023 تجارب وخبرات العالم بين يديك. https://x.com/i/broadcasts/1/i/broadcasts/1YpKkwXEBaAKj…,1
اختتم #ملتقى_امبريتك_الدولي2023  جلساته الحوارية وفعالياته المتنوعة بإطلاق عدة مبادرات لروّاد الأعمال وتقديم أبرز الممكنات الهادفة إلى دعم قطاع المنشآت  المحلية والعالمية,1
خدمات لوجستية وتقنية تربط روّاد الأعمال تحت مظلة واحدة.#ملتقى_امبريتك_الدولي2023 ,1
"استدامة الأعمال، وازدهار المستقبل 
الآن في #ملتقى_امبريتك_الدولي2023 ",1
جهود تعاونية نافذة تقدمها الحكومات لدعم منظومة ريادة الأعمال والشركات الصغيرة والمتوسطة.#ملتقى_امبريتك_الدولي2023 ,1
"التقنيات المتطورة والمُمكنات الحكومية
تغيّر الاقتصاد وتُلهم الابتكار
في #ملتقى_امبريتك_الدولي2023 ",1
"ماهي الممكنات الحكومية والدولية لدعم منظومة ريادة الأعمال ؟
يناقشها الآن أبرز خبراء التنمية والريادة في جلسة اليوم الثاني من #ملتقى_امبريتك_الدولي2023 حيّاكم",1
نسعى أن نصل بالتنمية المستدامة إلى منجزات بارزة لمستهدفات الرؤية. #ملتقى_امبريتك_الدولي2023 ,1
"تبادل الخبرات والتجارب في مساحات مثرية مع نخبة من المستشارين والروّاد
الآن في #ملتقى_امبريتك_الدولي2023 ",1
750 إصلاحًا اقتصاديًا احدثه التحول الرقمي في المملكة العربية السعودية في رحلة هي الأولى من نوعها#ملتقى_امبريتك_الدولي2023 ,1
أبرز ما جاء في الجلسة الحوارية الثالثة لليوم الأول من #ملتقى_امبريتك_الدولي2023 لمستقبل تقني لوجستي مستدام.,1
أبرز ما جاء في الجلسة الحوارية الثانية لليوم الأول من #ملتقى_امبريتك_الدولي2023 نحو حلول مبتكرة لإثراء الرياديين.,1
أبرز ما جاء في الجلسات الحوارية لليوم الأول من #ملتقى_امبريتك_الدولي2023 رؤى رياديّة نحو مستقبل اقتصادي مزدهر مع خبراء التنمية والريادة  من أرجاء العالم.,1
"في حدث يجمع روّاد الأعمال وقادة الريادة 
يستمر البث المباشر لليوم الثاني من #ملتقى_امبريتك_الدولي2023  
حيّاكم",1
نتشرف بمتابعتكم للبث المباشر لـ #ملتقى_امبريتك_الدولي2023 تجارب وخبرات العالم بين يديك  . https://x.com/i/broadcasts/1/i/broadcasts/1OwxWYlonMwGQ…,1
ولأن لكل خطوة بداية؛ هدفنا تكون بدايتك معنا، يد بيد نبني مستقبل ريادي ناجح#ملتقى_امبريتك_الدولي2023 ,1
خطوتك الأولى في الريادة تبدأ هنا في #ملتقى_امبريتك_الدولي2023 ,1
"لازدهار الخدمات اللوجستية نمهّد الطريق
ببرامج تطويرية تصل بالمنشآت   للقّمة الآن في #ملتقى_امبريتك_الدولي2023",1
خطتنا نحفز الابتكار، ونساعد الروّاد على الاستفادة من الخبرات العالمية في #ملتقى_امبريتك_الدولي2023 ,1
عصر جديد من الابتكار والنمو والتنمية #ملتقى_امبريتك_الدولي2023 ,1
تقنيات متعددة كـ إنترنت الأشياء والتكنولوجيا الحديثة والذكاء الاصطناعي أدوات تساهم في تسريع نمو الشركات وتهيئة بيئة متسارعة النمو الآن #ملتقى_امبريتك_الدولي2023 ,1
كيف يحّسن دعم الذكاء الاصطناعي في إدارة سلسلة التوريد للأعمال وتأثيره على التكلفة والكفاءة الآن في #ملتقى_امبريتك_الدولي2023 ,1
نرافق روّاد الأعمال في رحلة الريادة وتحقيق الأحلام من خلال الخدمات اللوجستية والتكنولوجية في #ملتقى_امبريتك_الدولي2023 ,1
"لأول مرة من جنيف للرياض
صورة تجمع مدراء امبريتك في افتتاح جلسات اليوم الأول للاجتماع السنوي للبرنامج، بحضور سعادة الأمين العام لمؤتمر الأمم المتحدة للتجارة والتنمية (#الأونكتاد)، أ. ريبيكا جرينسبان، وسعادة الرئيس التنفيذي لـ #بنك_التنمية_الاجتماعية أ. إبراهيم الراشد، حيث تم",1
"فعاليات اليوم الأول من #ملتقى_امبريتك_الدولي2023 رحلة لفرص لا تعرف حدودًا

تابع البث المباشر",1
"بجلسات حوارية مع أبرز القادة والرياديين 
ينطلق غدًا #ملتقى_امبريتك_الدولي2023  بحضور ورعاية معالي وزير الموارد البشرية والتنمية الاجتماعية م. أحمد بن سليمان الراجحي في رحلة رياديّة جديدة؛ نبني من خلالها شراكات استثنائية، ونوسّع آفاق الخبرات. 22-21 أكتوبر 5:00 إلى 9:30",1
"فخر العرب للحزم سيمة وعنوان
همة هل العوجا عزومه أصيلـــة
أعـــوام تسعــة والتفاؤل بسلمـان
في كــل أزمة له مـواقف فضيلة#ذكرى_البيعة_التاسعة ",0
"لقاء القادة وروّاد الأعمال في مزيج ريادي ثقافي لأول مرة في الرياض 
حيّاكم في #ملتقى_امبريتك_الدولي2023  22-21 أكتوبر 5:00 إلى 9:30 مساءًجي دبليو ماريوت - الرياض",1
"كن من روّاد أعمال الصناعة السعودية 
بتمويل يدعمك ويدعم منشأتك ",1
تحت شعار #الصنعة_سعودية ندعوكم لحضور جناح #بنك_التنمية_الاجتماعية في معرض #صنع_في_السعودية بنسخته الثانية، لدعم الأسر المنتجة وروّاد الأعمال في مجال الصناعات السعودية 4:00 م - 11:00 م 16 - 19 أكتوبر واجهة روشن,1
مشاركات مضيئة لـ #بنك_التنمية_الاجتماعية في #الصنعة_سعودية أبطالها الأُسر المنتجة، وروّاد الأعمال في معرض #صنع_في_السعودية ,1
"من أرجاء العالم للرياض 
حدث يجمع قادة الريادة وروّاد الأعمال 
في رحلة استثنائية لشراكات توسّع آفاق الخبرات
حيّاكم في #ملتقى_امبريتك_الدولي2023  21-22 أكتوبر 20235:00 إلى 9:30 مساءًجي دبليو ماريوت - الرياض",1
استمرارًا في مسيرة الدعم للأسر المنتجة وممارسيّ العمل الحر؛ وقّع #بنك_التنمية_الاجتماعية اتفاقية تعاون مع المعهد الفرنسي ISIPICA، لتوفير الفرص التدريبية والاستشارات للمهتمين في مجال العطور والأزياء الفرنسية، ودعمهم ببرامج تطوّر منتجاتهم، وتساهم في إنفاذها للأسواق العالمية.,1
"لقاء القادة وروّاد الأعمال في مزيج ريادي ثقافي لأول مرة في الرياض 
حيّاكم في #ملتقى_امبريتك_الدولي2023  22-21 أكتوبر 5:00 إلى 9:30 مساءًجي دبليو ماريوت - الرياض",1
"ورش عمل وفرص متنوعة قُدمت في فعالية #Ignite_the_game 
 عشنا فيها أجمل الأوقات بحضور محبي الألعاب الإلكترونية وتواجد #بنك_التنمية_الاجتماعية ومركز دلني للأعمال  ",1
"لقاء القادة وروّاد الأعمال في مزيج ريادي ثقافي لأول مرة في الرياض 
حيّاكم في #ملتقى_امبريتك_الدولي2023  22-21 أكتوبر 5:00 إلى 9:30 مساءًجي دبليو ماريوت - الرياض",1
من جنيف للرياض نفتح الآفاق للعالم مع قادة الريادة في #ملتقى_امبريتك_الدولي2023 حيّاكم 21 - 22 أكتوبر 5:00 - 9:30 مجي دبليو ماريوت - الرياض,1
"لمستقبل واعد ومجتمع مزدهر؛ شارك الرئيس التنفيذي لـ #بنك_التنمية_الاجتماعية أ. إبراهيم الراشد بملتقى الاقتصاد الاجتماعي في جلسة حوارية تحت عنوان: ""المالية الاجتماعية الواقع والممكنات"" لدعم القطاع غير الربحي، والتعريف عن برامج التنمية الداعمة والممكنة.",1
"لأننا حريصين على سلامتك وتجنبك للمخالفات.. 
أمن سيارتك من خلال زيارة فرع #بنك_التنمية_الاجتماعيةأمنها واحمِ مشروعك ",1
اصنع أعمالك اليدوية بكل حب و #استثمر_مهارتك بتقديمك على تمويل العمل الحر,1
"مهتم بالألعاب الإلكترونية؟

نخبة من الخبراء في مجال الألعاب الإلكترونية يجتمعون معكم في فعالية #Ignite_the_Game بحضور #بنك_التنمية_الاجتماعية ومشاركة مركز دلني للأعمال ؛ لتقديم الاستشارات، ورش العمل، والتعريف بالفرص الداعمة والبرامج التمويلية للقطاع الرقمي.",1
"#الاستثمار_الجريء يتم بخطوات مدروسة قبل وأثناء وبعد
  
إذا كنت في مرحلة البحث عن مستثمر، شاركنا حضور لقاءنا القادم 

بحضور ضيوفنا
محمد النصيان من الفريق الاستثمار   
الرئيس التنفيذي لشركة   محمد الوهيبي مؤسس تطبيق شفرة  

بادر بالتسجيل واحجز",1
نثري ونطوّر؛ لمنتجات حرفيّة تعكس أصالة وجمال الإرث السعودي #التدريب_المهني_والحرفي,0
حتى مشاويرك بالسيارة تعتبر مهارة #استثمر_مهارتك وقدّم على تمويل العمل الحر!,0
دقتك في الحسابات مهارة مو الكل يملكها #استثمر_مهارتك وقدّم على تمويل العمل الحر!,0
"وزعنا جوائز شهر سبتمبر الربع سنوية!
بقيمة ٣٠٠ ريال لأبطال زود الأجيال..

 ادخار وحوافز !
وثقافة مالية مثرية ",0
المدير التنفيذي لإدارة تمويل الأفراد في #بنك_التنمية_الاجتماعية لـ«#عكاظ»: 30 دقيقة للتقديم على «التمويل».. ونساعد الأفراد على امتلاك مشاريعهم الخاصة #ان_تكون_اولا ,1
"“يا سعد نجدٍ فيك يا عزّ الأوطان
يا نسل لزّام الكرم والحميّة”#الملك_سلمان_بن_عبدالعزيز",0
#بيان_صحفي | نتائج الربع الثالث لـ ⁧#بنك_التنمية_الاجتماعية,1
معك نصنع أفضل التجارب #اليوم_العالمي_لتجربة_العميل,1
5 ثوانٍ تحميك من الوقوع ضحية للتصيُّد الإلكتروني.. احذر و #لا_تفتح_مجال,0
"من الفكرة للريادة..

بدعم من #بنك_التنمية_الاجتماعية؛ الريّادية نجاح الحسّان تحوِّل فكرتها النوعيّة وحلمها إلى واقع.",1
القهوة فنٌ جال العالم نشارككم في #اليوم_العالمي_للقهوة ؛ احتفاءً بالبن السعودي، ودعمًا لصُّناع القهوة من الأُسر المنتجة، أصحاب العمل الحر، وروّاد الأعمال.,1
برأيك، ماهي أفضل وسيلة لعرض الرسائل التوعوية؟,1
تعزيزًا لرحلة التحول الرقمي الحكومي؛ مَكّن مشروع إيداع البرمجيات الحكومية الحرة ومفتوحة المصدر الاستقلالية والتوجه نحو تحقيق السيادة التقنية.,1
سلسلة من الملتقيات قدَّمهَا #بنك_التنمية_الاجتماعية للـقطاع غير الربحي خلال عام 2023م؛ تعزيزًا للشراكات، وتعريفًا بالفرص، وعرضًا للمنتجات.,1
لقطات من مناطق #سوق_الدار الذي تزيّن بأعمال أُسرنا السعودية، وجمال إرثنا الفني في الأزياء والمشغولات اليدويّة ,0
استكمالًا لرحلة التدريب المتخصص يبدأ معسكر تنمية المنتجات الحرفية والمهنية بعدة مسارات؛ وذلك بهدف توفير منتجات عالية الجودة، وضمان إنفاذها بأحدث الاستراتيجيات التي تعزز قيمتها وتحقق النجاح المستدام للسوق المحلي.#وصل_منتجك_للعالم وسجل الآن,0
مقتطفات من معسكر تنمية المنتجات الحرفية والمهنية؛ حيث استكْمَل مبدعيّ برنامج التدريب المتخصص رحلتهم عبر رحلة ممتعة من البرامج التطويرية والتنموية.,1
"في ذكرى اليوم الوطني، تتجسد مكانة هذا الوطن بين الأمم ماضيًا وحاضرًا وأبدًا. 
سائلين المولى سبحانه، أن يحفظ لنا أمننا واستقرارنا، وأن يديم علينا وحدتنا.",1
"بطل قصة نجاح الوطن
ومصدر القوة للرؤية القادمة #لقاء_الأمير_محمد_بن_سلمان",1
"تجربة ممتعة يعيشها زوّار #سوق_الدار، في مكان يجمع براعة الأسر السعودية المنتجة، وجودة صناعاتهم  

ننتظركم ويالله حيهم    20 - 24  سبتمبر  11:00 - 5:00 م  واجهة روشن - بوابة 1",1
"ما للشعور أول.. ما للهوى آخر
مَر السحاب أخضر في يوم ميلادك

تاريخ من عزمك وبهمّتك زاخر
هذا الفضا ديوان مكتوبْ بأمجادك#نحلم_ونحقق #اليوم_الوطني_السعودي_93 ",0
"بطموح 1000 أسرة سعودية منتجة.. 

تم تدشين حفل #سوق_الدار بحضور نائب الرئيس التنفيذي لقطاع الأعمال م. سلطان الحميدي، وإطلاق مبادرة مسار 3500 للمتاجر الإلكترونية من #بنك_التنمية_الاجتماعية للدعم والتطوير ",1
"رايةٌ ارتفعت لترفرفَ على قممِ المجد  
ورؤيةٌ تسابق الزمن لتغدو التنميةُ واقعًا#نحلم_ونحقق",1
ندعوكم لفعاليات الاحتفال في اليوم الوطني المقدمة من بنك التنمية الاجتماعية في ١٣ منطقة بالسعودية #سوق_الدار ننتظركم بشوق لتقديم الاستشارات والخدمات التمكينية لرواد ورائدات الأعمال من خلال #مركز_دلني_للأعمال ,1
"فخرًا بالصناعات الوطنية وابتكارات الأسر المنتجة الزاخرة بالجمال والفن وإبداع الأُسر المنتجة السعودية؛ تُشارك 1000 أسرة منتجة بدعم من #بنك_التنمية_الاجتماعية في #سوق_الدار 

ننتظركم ويالله حيَّهم ",1
منجزات منظومة التنمية لدعم الاقتصاد الوطني خلال النصف الأول من العام 2023 بما يسهم في تحقيق مستهدفات #رؤية_السعودية_2030,1
نحو مستقبل مُزدهر لممارسيّ العمل الحر في المجال الزراعي، وقّع #بنك_التنمية_الاجتماعية اتفاقية تعاون ثلاثية مع هيئة منشآت وشركة الرياض للتعمير؛ بهدف تطوير ودعم ممارسيّ العمل الحر وتوفير بيئة ريادية مُمكّنة لهم.,1
أرحبوا في مقام العز بيشة محصول نخيلها ينتظركم في #مهرجان_صفري_بيشة   15 - 20 سبتمبر 6:00 ص - 6:00 م ساحة سوق التمور,0
يبارك #بنك_التنمية_الاجتماعية لمركز أفئدة للتأهيل هذا التقدم والنجاح؛ ويأتي ذلك إثر تميُّزه في تحسين منظومة العمل، وتقديم الخدمات الصحية والاجتماعية للقطاعات كافة.,1
"إسهامًا في دعم مختلف أفراد المجتمع؛ وقّع ⁧#بنك_التنمية_الاجتماعية⁩ اتفاقية تعاون مع مؤسسة الإسكان التنموي الأهلية (سكن)، تهدف إلى تعزيز أوجه التعاون المشترك في بناء الوحدات السكنية الخاصة بالمستفيدين وتحقيق آمالهم؛ من خلال ""مسار استكمال البناء"" التابع لمنتج الترميم.",1
"رئيس #بنك_التنمية_الاجتماعية لحساب #مصادر_السعودية: توقيع اتفاقية استكمال بناء 1000 وحدة سكنية للأسر الضمانية
التفاصيل: ",1
وزّعنا جوائز شهر أغسطس على أبنائنا المشتركين في #زود_الأجيال؛ لالتزامهم بالرحلة الادخارية سجِّل أبناءك الآن وشجعهم على التفاعل مع محتوى ثقافتي المالية؛ لزيادة وعيهم المالي، والدخول في السحوبات والجوائز الشهرية ,1
"مع إطلاق منصة ""جسور"" لتمكين القطاعات من تقديم حلول تمويلية مبتكرة لموظفيها؛ يعرِّف أ.مساعد الطعيمي المدير التنفيذي لإدارة تمويل الأفراد في #بنك_التنمية_الاجتماعية المنصة وأدوارها، بالإضافة إلى توسُعها لـ #مد_الجسور والتعاون بين البنك وجميع القطاعات.",1
الرئيس التنفيذي لبنك التنمية الاجتماعية إبراهيم الراشد: نستهدف هذا العام تمويل أكثر من 12 ألف منشأة في القطاع الخاص، 80% منها شركات ناشئة، ويبلغ حجم التمويل 10 ملايين ريال للشركات القائمة التي لديها تدفقات نقدية إيجابية في آخر سنتين    #اقتصاد_الشرق,1
"إطلاق بنك التنمية الاجتماعية في #السعودية للهوية الجديدة لمنصة ""جسور""

التفاصيل مع نائب الرئيس التنفيذي لقطاع الأعمال في #بنك_التنمية_الاجتماعية سلطان الحميدي#cnbcعربية#اقتصاد_CNBCعربية#اقتصاد",1
#بيان_صحفي⁩ | بنك التنمية الاجتماعية يوسِّع نطاق خدماته التمويلية من خلال منصة #جسور,1
كافئ جهود موظفينك بـ #مد_الجسور، وقدم لهم الدعم اللي يحتاجونه,0
"""الله يبارك لك برزقك"" .. خلهم يسمعونها ولموظفينك #مد_الجسورللمزيد:http://sdb.gov.sa/ar-sa/e-services/services-list/e_services…",0
قرارك بـ #مد_الجسور، تهنئات السنين الجاية من نصيب موظفين منشأتك,0
"""منك المال ومنها العيال"" .. خلهم يسمعونها ولموظفينك #مد_الجسورللمزيد:http://sdb.gov.sa/ar-sa/e-services/services-list/e_services…",0
طموحات موظفينك، بداية تحقيقها مبادرة منك بـ #مد_الجسور,0
"""الله يعطيك خيرها ويكفيك شرّها"" .. خلهم يسمعونها ولموظفينك #مد_الجسورللمزيد:http://sdb.gov.sa/ar-sa/e-services/services-list/e_services…",0
جسور التنمية والتمكين، لشغف بداياته من سنين#مد_الجسور,0
حلول تمويلية مبتكرة تمكّن أصحاب القرار من #مد_الجسور، وتوفِّر فرص تنموية للموظفين في منشآت #القطاع_الخاص ,1
الجسور ممتدة لسنوات عديدة ومديدة، والتهنئات كثيرة لطموحات كبيرة #مد_الجسور,1
قدّم أنت واحمِ بياناتك، برامجنا في #بنك_التنمية_الاجتماعية هدفها تنميتك.#خلها_بينّا,0
كيف تقيم تجربتك بعد الاستفادة من الخدمات الإلكترونية؟#استشارة_عامة,1
جلسات، لقاءات، استشارات، قصص صُنَّاع الامتياز وتجارب ناجحة تم دعمها من #بنك_التنمية_الاجتماعية تلهم طموحك، وتثري معلوماتك بمستقبل صناعة العلامة التجارية. 5 سبتمبر 5:30 - 6:30 م فندق هوليداي إن - كورنيش الخبر,1
نحو تطوير صناعة الألعاب الإلكترونية، وبأكثر من 40% من قيمة المحفظة التمويلية؛ شارك #بنك_التنمية_الاجتماعية في #منتدى_العالم_القادم الحدث العالمي لقطاع الرياضات الإلكترونية، واخُتتم المنتدى بتوقيع البنك اتفاقيات داعمة لتعزيز الابتكار وخلق فرص للمشاريع الواعدة.,1
"نمكّن صُنّاع الألعاب 
من الشغف حتى الريادة اصنع، طوّر، وكن رائدًا فيها 

للتقديم: https://sdb.gov.sa/ar-sa/non-profit-sector-(1)/third/products/egaming…",0
"مهتم في صناعة العلامات التجارية؟
قصص نجاح، وتجارب ملهمة تنتظرك!

اكتشف الحدث في #فرنشايز_ماركت_الخبر 4 - 6 سبتمبر 11:00 - 4:00 مفندق هوليداي إن - كورنيش الخبر",1
نحو رحلة بناء #مجتمع_شامل_وموائم ؛ يشارك #بنك_التنمية_الاجتماعية في ملتقى #إضاءة_حائل ويأتي ذلك ضمن سعي البنك المستمر لبناء جسور التعاون، وتحقيق التغيير الفعَّال، وضمان تكافؤ الفرص، والتعريف بمنتجات البنك التمويلية.,1
"نحو رحلة تمكين الأسر المنتجة، وبناء مستقبل مستدام؛ تأتي الجهود الرامية لإنفاذ #أسر_ممكنة_محليا_ودوليا في فعالية سوق الدار بالكويت ضمن مبادرة تجسيد بعدد منتجات تجاوزت الـ ٢٠٧ منتجًا صُنعت بأيدي سعودية.

حيّاكم الله  31  أغسطس إلى 3 سبتمبر 10:00 صباحًا - 10:00 مساءً",1
"لمبدعي العمل الحر دائمًا حاضرين.. وبالقصيم معكم مكملين
حياكم الله في جادة 30 في مدينة بريدة
اختار التحدي .. سجل
وكن أحد المرشحين للفوز  3 - 4 سبتمبر 4:00 - 8:00 مساءً",0
"بنك التنمية الاجتماعية يستضيف فعالية فن البرج ضمن مبادرة بنك الفن لتمكين الفنانين السعوديين واستقطاب أعمالهم الفنية#السعودية 
عبر:",1
"لقطات من البرنامج التدريبي المتخصص
""الأساليب والأدوات الحديثة في إدارة وتشغيل المطاعم والمقاهي"" بمشاركة أكثر من 100 مالك مشروع في القطاع حيث قدم البرنامج لرواد الأعمال معلومات ومهارات الإدارة الحديثة للمشاريع الممولة من البنك، لمساعدتهم في تطوير مشاريعهم بشكل فعّال",1
"معرض #صنعتي_2023 حيث التقاء الموهبة بالعمل الجاد أسر منتجة مُلهمة، فنون حرفية منوعة، وصُنّاع علامات تجارية ناجحة في مكان واحد

حيّاكم في مكانكم 29 أغسطس إلى 2 سبتمبر 4:00 - 10:00 مالمنطقة الشرقية - معارض الظهران الدولية (إكسبو)",1
معرفتك بالقنوات الرسمية لـ #بنك_التنمية_الاجتماعية تجنبك الوقوع في الاحتيال؛ #خلها_بينّا ,1
"مع خيارات التمويل لمتاجـر بيع الجوالات من #بنك_التنمية_الاجتماعية 
لا يحدّ طموحك سقف وقدّم على تمويل يدعم متجرك وانطلق بمتجرك بالشراكة مع ",1
"مقتطفات من فعالية #حلول_دلني للامتياز التجاري 
ممتنون لحضوركم ومشاركتكم في الفعالية ونسعى لتقديم المزيد لخدمة رواد الأعمال وأصحاب العمل الحر  #الامتياز_التجاري_يختصر_الطريق#مركز_دلني_للأعمال",1
رائد أعمال عندك صنعة أو فنان وعندك منتج معرض #صنعتي_2023 ينتظركم! 29 أغسطس إلى 2 سبتمبر 4:00 - 10:00 مساءًالمنطقة الشرقية - معارض الظهران الدولية (إكسبو),0
"راعي فزعات وودك تشغل السطحة؟
قدًم على سيارتك اليوم وخلها مصدر دخلك#وقتك_لعبتك",0
طريقك سالك مع تمويل السيارات من #بنك_التنمية_الاجتماعية قدم الآن وابدأ مشوار النجاح بالشراكة مع من خلال ذراعها اللوجستي لحلول الميل الأخير ,1
عندك متجر جوالات؟ قدّم على خيارات التمويل من #بنك_التنمية_الاجتماعية واحصل على تمويل يدعم متجرك بالشراكة مع ,0
"دعمًا للأسر المنتجة، وممارسيّ العمل الحر، والمهتمين بالحرف اليدوية وقع #بنك_التنمية_الاجتماعية اتفاقية تعاون مع أكاديمية نقوش للفنون؛
لخلق مستقبل من الفرص الإبداعية في الأسواق المحلية والعالمية.",1
عن الشغف ودروس الحياة، وحكايات ثانية كثير انولدت في شوارع الصناعية.. أبو عادل يحكي لنا قصته.#وش_الدبرة,0
"ضمن مبادرة #تحدي_الابتكار وإسهامًا من #بنك_التنمية_الاجتماعية  في دعم وتنمية قطاع المنشآت،
شارك أ. عبدالله الدوسري - مدير محفظة بتمويل المنشآت الناشئة، للحديث حول خدمات التمويل، التي يوفرها البنك لأصحاب المشاريع الناشئة.",1
"دعمًا لروّاد الأعمال نحو تحقيق مشاريعهم الريادية شارك #بنك_التنمية_الاجتماعية بورقة عمل تحت عنوان ""مجموعة الخدمات والمنتجات البنكية“ ضمن فعاليات الحفل الختامي لبرنامج #المخبز_السعودي وقدم البنك جناحًا مخصصًا لتقديم الاستشارات لرواد الأعمال مما يبرز التزامه بتمكين المبادرات",1
بمناسبة #اليوم_العالمي_لريادة_الأعمال يفخر #بنك_التنمية_الاجتماعية بقصة نجاح عادل بن ندا؛ إذ يعد مشروعه المدعوم من قبل البنك ضمن المشاريع الريادية المميزة التي ساهمت في تنمية مجال الفعاليات.,1
"نستقطب الكفاءات من الأسر المنتجة لفرص الإنتاج الحديثة 
ونوفر لها حلول ذكية ومتقدمة من منافذ بيع، وحاضنات إنتاج، ومطابخ سحابية #تنمية_رقمية",1
"نفذت  #غرفة_الشرقية بالتعاون مع بنك التنمية الاجتماعية، اليوم الاثنين برنامجا تدريبيا بعنوان (التسويق الفعال للأسر المنتجة)
وذلك ضمن استعداداتها لانطلاق معرضها للأسر المنتجة #صنعتي_2023 في الفترة من 29 أغسطس حتى 2 سبتمبر2023م ، بأرض معارض شركة ""الظهران إكسبو""",1
أبرز ما ذكره -نائب الرئيس لقطاع الأعمال  م. سلطان الحميدي- في لقاء #مجلس_دعم_المنشآت#أسبوع_الامتياز_التجاري,1
خلال #مجلس_دعم_المنشآت؛ نائب الرئيس لقطاع الأعمال في ; يتحدث عن الدعم المقدم لرواد ورائدات الأعمال خلال #أسبوع_الامتياز_التجاري والانتقال بهم من مرحلة الفكرة إلى التوسع.,1
ينطلق الآن البث المباشر لـ #مجلس_دعم_المنشآت باستضافة نائب الرئيس لقطاع الأعمال م. سلطان الحميدي في #مركز_دعم_المنشآت بـ #الرياض  #أسبوع_الامتياز_التجاري,1
"فعالية #حلول_دلني للامتياز التجاري

 توفر فرصة مميزة لـ #رواد_الأعمال لزيادة معرفتهم وتوعيتهم من خلال المشاركة في مجموعة متنوعة من اللقاءات والجلسات الاستشارية والإرشادية مع نخبة من الخبراء والمختصين#الامتياز_التجاري_يختصر_الطريقالأربعاء 23 اغسطس#مركز_دلني_للأعمال - الرياض",1
"لحظات توقف فيها الوقت
بالتقاطة عدسة ثابتة أو متحركة
لتبقى على مرّ السنين  

نحتفي بمن يقف خلف هذه العدسة
في #اليوم_العالمي_للتصوير",1
"إسهامًا في دعم وتنمية قطاع المنشآت
يشارك أ. سلطان الحميدي نائب الرئيس التنفيذي لقطاع الأعمال في #بنك_التنمية_الاجتماعية بجلسة للحديث عن المنتجات التمويلية المقدمة من البنك لتيسير العمل بالامتياز التجاري.#أسبوع_الامتياز_التجاري قاعة مركز دعم المنشآت - واجهة الرياض",1
"فرص جديدة للحصول على تدريب وحوافز وبرامج تمويل متنوعة في #برنامج_ألف_ميل لتمكين رواد الأعمال في قطاعي الصناعة والخدمات اللوجستية

سجّل الآن:https://1kmile.nidlp.gov.sa/apply",1
في ثالث أيام #معرض_الأطفال_الدوليمستمرون في فعاليات وأنشطة زود الأجيال في أجواء مليئة بالسعادة والفرح، وتقديم الهدايا المتنوعة والمميزة لأبطالنا المشتركين في #زود_الأجيال الادخاري لا تفوّت الفرصة وزورنا قبل نهاية المعرض في 18 أغسطس معارض واجهة الرياض قاعة رقم 3 4,1
رعى سمو أمير منطقة حائل مراسم توقيع اتفاقيات تعاون #بنك_التنمية_الاجتماعية مع عدد من الجهات بالقطاع الحكومي والقطاع غير الربحي والخاص بالمنطقة؛ بهدف تطوير الأعمال من خلال الخدمات المقدمة عن طريق منتجات البنك.,1
"تدعوكم ⁧#منشآت⁩ إلى حضور ⁧#مجلس_دعم_المنشآت⁩ مع: م. سلطان الحميدي -نائب الرئيس لقطاع الأعمال ⁦⁩ - في ⁧#مركز_دعم_المنشآت⁩ بـ ⁧#الرياض⁩ يوم الأحد 20 أغسطس من الساعة 7 - 8 مساءً.

⁧#أسبوع_الامتياز_التجاري",1
سمو #أمير_منطقة_حائل يرعى حفل مراسم توقيع اتفاقيات تعاون لبنك التنمية الاجتماعية مع عدد من الجهات بالمنطقة وهي: جامعة حائل غرفة حائل جمعية رفاق جمعية التنمية السياحية,1
هلا بكم زود في #زود_الأجيال، فعاليات وأنشطة تنتظر أبناءكم في معرض الأطفال الدولي برحلة ادخارية مليئة بالتحديات والمعرفة,0
تحت رعاية أمير منطقة القصيم الدكتور فيصل بن مشعل؛ شارك #بنك_التنمية_الاجتماعية كراعي تمويلي في #كرنفال_بريدة_للتمور لتمكين ودعم روّاد الأعمال في القطاع الزراعي.,1
"فيديو | إلى من قدمت الحصة الأكبر من تمويل بنك التنمية البالغ 6.4 مليارات ريال؟

نائب الرئيس التنفيذي لقطاع الأعمال في ""بنك التنمية الاجتماعية"" م. سلطان الحميدي يجيب #أسواق_السعودية#الإخبارية",1
"في عز الأزمات تصير المعجزات!
عام 2020 كان صعب جدًا على التجار وأصحاب المشاريع، بس الوضع كان مختلف في بعض الحالات، هنا سألنا عبدالرحمن الطلق، وش كانت دبرتك ؟#وش_الدبرة",0
مع بداية العام الدراسي الجديد افتح حساب طفلك في #توكن واحصل على مزايا وحوافز مقدمة من برنامج زود الأجيال من  #العودة_للمدارس,1
حمِّل تطبيق #بنك_التنمية_الاجتماعية من متاجر التطبيقات الرسمية، وحافظ على سريّة بياناتك.#خلها_بينّا,1
"اكتشف ابتكارات الفن الخزفي؛ من خلال لقاء المدربة المحترفة أماني فوزي من أكاديمية ""نقوش"" ضمن برنامج التدريب المتخصص",1
"#هاكاثون_الصناعة يفتح أبوابه ليحتضن أفكارك الإبداعية ويحل بها التحديات التي تواجه المنشآت الوطنية.

سجّل الآن، و #دع_أفكارك_تضيء: http://Hackathon.sidf.gov.sa",1
أكثر من 45 نوعًا للتمور ينتظركم في #كرنفال_بريدة_للتمور  من 1 إلى 15 أغسطس,1
"بما يناسب احتياجك .. 
منتجات التمويل الاجتماعي 
لك سند وعون ",0
من زهور الباحة، وبرفقة النحَّالين تواجد جناح #بنك_التنمية_الاجتماعية دعمًا للأسر المنتجة، والنحَّالين وتعريفًا بالبرامج والمنتجات التمويلية للمهتمين بالعسل في #مهرجان_العسل_الدولي_الخامس_عشر,1
وصلت جوائز شهر يوليو لأبنائنا المشتركين في زود الأجيال، مكافأة لوعيهم المالي وادخارهم المستمر، سجل أبناءك وساهم بتحقيق أهدافهم الادخارية مع زود الأجيال ,1
نحو مسيرة تمكين المهارات الواعدة؛ #بنك_التنمية_الاجتماعية يحقق رقمًا قياسيًا للنصف الأول من عام 2023م، بما يتجاوز 6 مليار ريال سعودي في سلسلة من الإنجازات المتتالية لبناء قوة اقتصادية، ونماء مشاريع مستدامة.,1
قدم أنت، ولا تتهاون في بياناتك الشخصية أو تكشفها لأي أحد.#خلها_بينّا,0
أبرز ما ذكره -المدير التنفيذي لتمويل المنشآت في - أثناء لقاء #مجلس_دعم_المنشآت,1
ينطلق الآن البث المباشر لـ #مجلس_دعم_المنشآت بالتعاون مع ، باستضافة المدير التنفيذي لتمويل المنشآت لدى بنك التنمية الاجتماعية في #مركز_دعم_المنشآت بـ #الرياض#أسبوع_التمويل#التمويل_الصح,1
سمو أمير منطقة القصيم يشهد توقيع اتفاقية بين كرنفال بريدة للتمور وبنك التنمية الاجتماعية.https://spa.gov.sa/1c615c5969n#واس_عام,1
ضمن المبادرات التنموية وقّع #بنك_التنمية_الاجتماعية اتفاقية تعاون مع #كرنفال_بريدة_للتمور ؛ لتمكين روّاد الأعمال والمهتمين في المجال، وتسهيل الحصول على التمويل الداعم لمشاريعهم.,1
"روَّاد أعمالٍ سعوديون يسعون للنمو والتوسُّع، وجدوا في مبادرات برنامج التحول الوطني الدعم والتمكين، لدفع عجلة الاقتصاد الوطني. 

شاهدوا قصصهم في الحلقة الثانية من #قصة_تحول.#رؤية_السعودية_2030",1
"بعراقة النخيل
وكرم أهل القصيم متواجدين في #كرنفال_بريدة_للتمور ببرامجنا، وخدماتنا التمويلية والتنموية.",0
مرحبا هيل عد المطر والسيل حياكم في مكانكم ⁧#مهرجان_العسل_الدولي⁩ الخامس عشرجمعية النحالين بلجرشي - الباحة من 3-18 أغسطس 2023 الساعة 3:00م - 12:00ص,0
"قرَّب الوقت ينتهي!
جوائزنا تنتظرك آخر موعد لاستلام المشاركات في #تحدي_العمل_الحر 27 يوليو سجل الآن!",0
لا تحتار من تختار#امبريتيك_يكبرك ويجمع لك كل اللي تحتاجه لمشروعك ,0
ازهل، اضمن، وتطمن في #سيولة تمويل منشأتك يبدأ من 50 ألف إلى 300 ألف تصفّح الموقع لتفاصيل أكثر ,0
"التقديم ولا أسهل منه
قدم بنفسك و #خلها_بينّا",0
"إلهام بدأ من نخلة  
وتذكار بتشكيل جميل #بنان",0
"في خميس مشيط مكملين، ولعملك الحر حاضرين
حياكم الله بجادة خميس مشيط

اختار التحدي.. سجل
وكن أحد المرشحين بالفوز  11 – 12 يونيو",0
"قلبك مع #كاس_العالم  بس بالك مع العميل وطلبه المستعجل ..
لانك قد الشغل احنا قد الوعد 
واصل و #حافزك_واصل",0
أم محمد قلقانة تبي تلحق رحلتها وأنت متحمس وودك تلحق المباراة دامك كفو وملتزم بمشاويرك #حافزك_واصل,0
كل ما زانت الجلسة عميلتك طلبت تعديل؟#حافزك_واصل ,0
"مكملين جولتنا في القصيم، حياكم الله بمقر الغرفة التجارية في بريدة
اختار التحدي.. سجل
وكن أحد المرشحين بالفوز  28 مايو – 15 يونيو",0
"جولات العمل الحر مستمرة في أبها البهية، ومكاننا هالمرة في الراشد مول
حياكم الله، ومرحبًا ألف
اختار التحدي.. سجل
وكن أحد المرشحين بالفوز  1 يونيو – 10 يونيو",0
مع برنامج #زود_الأجيال علم ولدك يدير مصروفه بنفسه سجله الآن قوله #زود_فلوسك ,0
ادخار اليوم فزعة بكرة تعرف على منتج زود الادخاري و #زود_فلوسك,0
"التقديم ولا أسهل منه
قدم بنفسك و #خلها_بينّا",0
الحمدلله على سلامتكم، وبكل فخر نتمنى لكم رحلة مُثرية وآمنة ,0
"في عروس الجنوب – أبها، ولعملك الحر حاضرين 
مرحبًا ألف في جامعة الملك خالد كلية الأعمال (بنين – بنات)

اختار التحدي.. سجل
وكن أحد المرشحين بالفوز 22 مايو – 1 يونيو",0
"في جازان الفُل مكملين، ولعملك الحر حاضرين
حياكم الله في جامعة جازان – كلية الأعمال (بنين – بنات)
اختار التحدي .. سجل
وكن أحد المرشحين بالفوز  25 -14 مايو",0
حجٌ مبرور وسعي مشكور، وكل عام وأنتم بخير وعساكم بالعيد دوماً مباركين ,0
لبيك اللهم لبيك، لبيك لا شريك لك لبيك 🤲🏻نداؤهم الدائم قاصدين مغفرة من ربهم ورحمة في مكة المكرمة #شعائر_ومشاعر 🕋,0
وزّعنا جوائز أبطال الادخار في #زود_الأجيال ادّخر وخلّك ضمن الفايزين,0
حيّهم وبيهم في حلوة الجوف 🌴 جينا نلبّي طموح شبابها ونلهم أهلها بمساحات متنوعة وبيئة متكاملة 🤩 جادة 30 @jada30_sa وصلت الجوف ✨,0
تجسير، معك بكل خطوات مشروعك، نفهمك ونساعدك بحلول نوعيّة توّسع فيها مشروعك وتنجز أهدافك من مكان واحد ✨,0
عندك منشأة وتبغى تطوّرها بتمويل سريع؟ #نقاط_البيع يعطيك تمويل بقدر مبيعاتك عبر أجهزة نقاط البيع 💳,0
للمنشآت القائمة التي لا تتجاوز مبيعاتها 40 مليون ريال؛ #سيولة تموّلها اطّلع على الشروط وقدّم بلحظة:,0
"ودك تكبّر مشروعك بس ما عندك سيولة💸؟
قدّم على منتج #سيولة يعطيك تمويل يصل إلى 300 ألف ريال دفعة وحدة وبشروط ميسّرة",0
صاحب مشروع وهذا موسمك؟ لا تفوّت الفرصة واستفد من التمويل الموسمي بمبلغ يصل إلى 30 ألف ريال 🤩,0
لكلّ المواسم حاضرين! ولطموحات الروّاد مُموِّلين 😍قدّم على التمويل الموسمي وخل موسمك خضر ✨,0
عشان ما تكون ضحية محتال، وتخسر مشروع العمر! قدّم بنفسك و #خلها_بينّا 🔒,0
"ما تبغى تسمع ""يا فرحة ما تمت""! قدّم بنفسك و #خلها_بينّا 🔒",0
لا تعرض نفسك لمشاكل أنت في غنى عنها! قدّم بنفسك و #خلها_بينّا 🔒,0
سجل أبناءك وعايدهم عبر برنامج زود الأجيال زود الأجيال يُنمي ثقافة أبنائك المالية ويساعدهم على الادخار💰 #خله_بمخباك,0
هلا بك في برنامج هلا نحدد لك وضعك المالي وننقي لك المنتجات المناسبة لك #خله_بمخباك,0
موفرين لك ورش تدريبة واستشارات ادخارية وفعاليات وأكثر! سجّل في منصة الادخار #خله_بمخباك,0
من العايدين الفايزين وعساكم #بالعيد_مجتمعين أعاده الله علينا وعليكم بالخير والمسرات 🌙🤩#عيد_الفطر_المبارك,0
برنامج يوفر فلوسك ويكبّر مخباك #خله_بمخباك,0
كل عام وريالك بمخباك يكبر 🤩💵.. #خله_بمخباك,0
العيدية فرصة بس كيف تستثمرها؟! 🤔⏳#خله_بمخباك,0
خل عيديتك بمخباك مع برنامج زود.. #خله_بمخباك,0
جاء وقت المناسبات والعزايم؟ لا تشيل هم؛ تعرّف على أفضل مشاريع الضيافة و #خلها_منهم 🤩,0
ممكن يوصل المحتال لمعلومات دقيقة عنك؛ لا تثق فيه بسهولة. انتبه وتأكد ! #خلها_بينّا🔒,0
انتبه ! موظف البنك ما يطلب معلوماتك السريّة والبنكية وعشان تتجنب الوقوع في الاحتيال، حمل تطبيق بنك التنمية الاجتماعية من مصادره الرسمية أو قدّم عبر الموقع الإلكتروني #خلها_بينّا🔒,0
دندنا يادندنا رمضان غير عندنا في جدة الناس حلوين و #بالخير_مجتمعين 🤩🌙,0
اشرب سوبيا الزبيب وصلِ على الحبيب ❤️تعرّف على مشروب السوبيا الحجازي 👌🏻,0
من بقشة الحُب لسلّم ولدهم يالله الحساويين دايم #بالخير_مجتمعين 🤩🌙,0
خطط لمستقبلك المالي لأنك #أنت_راس_المال #أسبوع_المال_العالمي,0
عطورك خلصت وتبي شي يجمّل؟ #خلها_منهم وجرّب عطورهم,0
بهارات أم سعديه تخلّي الطبخة شهية 👌🏻جرّب بنفسك و #خلها_منهم,0
مستعدين؟ نعيش أجواء رمضان في أكثر من مكان 🌙ونكون قريبين و #بالخير_مجتمعين 🤩,0
مفرزنات سويّر عادت من جديد 🤩كرر التجربة و #خلها_منهم,0
من #يوم_بدينا دارنا شامخة ودوم #حنّا_مكمّلين وفي ثراها نكبر وحنا نردّد ياوطنّا عِشت فخر المسلمين 🇸🇦💚,0
متزيّن بإبداعات أسرنا المنتجة، وعراقة الكليجا وحلاها #مهرجان_الكليجا_15 مستمر إلى 27 فبراير بفعالياته وأنشطته المتنوّعة 🌴,0
